Time,Day_of_week,Age_band_of_driver,Sex_of_driver,Educational_level,Vehicle_driver_relation,Driving_experience,Type_of_vehicle,Owner_of_vehicle,Service_year_of_vehicle,Defect_of_vehicle,Area_accident_occured,Lanes_or_Medians,Road_allignment,Types_of_Junction,Road_surface_type,Road_surface_conditions,Light_conditions,Weather_conditions,Type_of_collision,Number_of_vehicles_involved,Number_of_casualties,Vehicle_movement,Casualty_severity,Cause_of_accident,Accident_severity,Number_of_vehicles_involved_log,Number_of_casualties_log
17:00:00,Tuesday,31-50,Male,Elementary school,Employee,5-10yr,Commercial Vehicle,Owner,Above 10yr,No defect,Office areas,Undivided Two way,Tangent road with flat terrain,Crossing,Asphalt roads,Dry,Daylight,Normal,Collision with roadside objects,2,1,Going straight,2,Reckless Driving,Slight Injury,1.0986122886681096,0.6931471805599453
17:00:00,Tuesday,Under 18,Male,Junior high school,Employee,5-10yr,Commercial Vehicle,Owner,Above 10yr,No defect,Residential areas,Undivided Two way,Tangent road with flat terrain,Crossing,Asphalt roads,Dry,Daylight,Normal,Vehicle with vehicle collision,2,1,Going straight,na,Unsafe Lane Change,Slight Injury,1.0986122886681096,0.6931471805599453
17:10:00,Friday,31-50,Male,Junior high school,Employee,1-2yr,Private Vehicle,Owner,Above 10yr,No defect,Other,One way,Steep grade downward with mountainous terrain,No junction,Asphalt roads,Dry,Daylight,Normal,Unknown,2,1,Going straight,na,Moving Backward,Slight Injury,1.0986122886681096,0.6931471805599453
17:10:00,Friday,Under 18,Male,Junior high school,Owner,5-10yr,Other,Owner,Above 10yr,No defect,Residential areas,Two-way (divided with broken lines road marking),Tangent road with flat terrain,No junction,Asphalt roads,Dry,Daylight,Normal,Unknown,2,1,Moving Backward,3,No Distance,Slight Injury,1.0986122886681096,0.6931471805599453
17:23:00,Tuesday,31-50,Unknown,High school,Owner,Above 10yr,Private Vehicle,Owner,5-10yrs,No defect,Residential areas,Undivided Two way,Tangent road with flat terrain,Unknown,Asphalt roads,Dry,Daylight,Normal,Collision with pedestrians,2,1,Going straight,2,Reckless Driving,Slight Injury,1.0986122886681096,0.6931471805599453
17:23:00,Tuesday,31-50,Male,,Owner,Below 1yr,Commercial Vehicle,Owner,,No defect,Residential areas,Two-way (divided with broken lines road marking),Tangent road with flat terrain,Unknown,Asphalt roads,Dry,Daylight,Normal,Vehicle with vehicle collision,2,1,Going straight,3,Driving carelessly,Slight Injury,1.0986122886681096,0.6931471805599453
18:00:00,Sunday,31-50,Male,Writing & reading,Owner,5-10yr,Private Vehicle,Owner,1-2yr,No defect,Other,other,Tangent road with flat terrain,Y Shape,Asphalt roads,Dry,Daylight,Normal,Vehicle with vehicle collision,1,1,Going straight,3,Unsafe Lane Change,Slight Injury,0.6931471805599453,0.6931471805599453
23:35:00,Wednesday,31-50,Male,Above high school,Employee,Above 10yr,Private Vehicle,Owner,5-10yrs,No defect,Other,Undivided Two way,Tangent road with flat terrain,Crossing,Asphalt roads,Dry,Darkness - lights lit,Normal,Vehicle with vehicle collision,2,1,Going straight,3,Speeding,Serious Injury,1.0986122886681096,0.6931471805599453
23:35:00,Wednesday,31-50,Male,High school,Employee,Below 1yr,Commercial Vehicle,Owner,5-10yrs,No defect,Other,One way,Tangent road with flat terrain,Crossing,Asphalt roads,Dry,Darkness - lights lit,Normal,Collision with pedestrians,2,1,Going straight,3,Unsafe Lane Change,Serious Injury,1.0986122886681096,0.6931471805599453
14:59:00,Wednesday,Under 18,Male,Junior high school,Employee,1-2yr,Private Vehicle,Owner,1-2yr,No defect, Hospital areas,Undivided Two way,Tangent road with flat terrain,Other,Asphalt roads,Dry,Daylight,Normal,Collision with roadside objects,2,2,Reversing,3,Driving carelessly,Slight Injury,1.0986122886681096,1.0986122886681096
14:59:00,Wednesday,Under 18,Male,Junior high school,Employee,Above 10yr,Private Vehicle,Owner,2-5yrs,No defect,Residential areas,Undivided Two way,Tangent road with flat terrain,Other,Asphalt roads,Dry,Daylight,Normal,Unknown,2,2,Going straight,3,No Distance,Slight Injury,1.0986122886681096,1.0986122886681096
14:59:00,Wednesday,Over 51,Male,Junior high school,Owner,Above 10yr,Commercial Vehicle,Owner,5-10yrs,No defect,Residential areas,One way,Tangent road with flat terrain,Other,Asphalt roads,Dry,Daylight,Normal,Unknown,2,2,Going straight,3,Moving Backward,Slight Injury,1.0986122886681096,1.0986122886681096
14:40:00,Saturday,Unknown,Female,Junior high school,Employee,Above 10yr,Public Transport,Owner,5-10yrs,No defect,Residential areas,Undivided Two way,Tangent road with flat terrain,Y Shape,Asphalt roads,Dry,Daylight,Normal,Unknown,3,1,Going straight,na,Priority Violation,Slight Injury,1.3862943611198906,0.6931471805599453
14:40:00,Saturday,18-30,Male,Junior high school,Employee,No Licence,Private Vehicle,Owner,1-2yr,No defect,Other,Two-way (divided with broken lines road marking),Tangent road with flat terrain,Y Shape,Asphalt roads,Dry,Daylight,Normal,Unknown,3,1,Going straight,3,Moving Backward,Slight Injury,1.3862943611198906,0.6931471805599453
14:40:00,Saturday,18-30,Unknown,Junior high school,Employee,1-2yr,Commercial Vehicle,Owner,1-2yr,No defect,Office areas,Two-way (divided with broken lines road marking),Tangent road with flat terrain,Y Shape,Asphalt roads,Dry,Daylight,Normal,Unknown,3,1,Going straight,na,Unsafe Lane Change,Slight Injury,1.3862943611198906,0.6931471805599453
12:48:00,Sunday,31-50,Male,Illiterate,Owner,1-2yr,Private Vehicle,Owner,2-5yrs,No defect,Other,other,Tangent road with flat terrain,Y Shape,Asphalt roads,Wet or damp,Daylight,Raining,Vehicle with vehicle collision,2,4,Going straight,3,No Distance,Slight Injury,1.0986122886681096,1.6094379124341003
12:48:00,Sunday,18-30,Male,Junior high school,Owner,Below 1yr,Public Transport,Owner,Unknown,No defect,Office areas,Double carriageway (median),Tangent road with flat terrain,Y Shape,Asphalt roads,Wet or damp,Daylight,Raining,Vehicle with vehicle collision,2,4,Going straight,3,DUI (Drugs/Alcohol),Slight Injury,1.0986122886681096,1.6094379124341003
12:48:00,Sunday,18-30,Male,Junior high school,Owner,1-2yr,Commercial Vehicle,Owner,Unknown,No defect,Residential areas,Two-way (divided with broken lines road marking),Tangent road with flat terrain,Y Shape,Asphalt roads,Wet or damp,Daylight,Raining,Collision with roadside objects,2,4,Going straight,na,Unsafe Lane Change,Slight Injury,1.0986122886681096,1.6094379124341003
12:48:00,Sunday,18-30,Male,Junior high school,Owner,2-5yr,Commercial Vehicle,Owner,Unknown,No defect,Office areas,Double carriageway (median),Gentle horizontal curve,Y Shape,Asphalt roads,Wet or damp,Daylight,Raining,Collision with roadside objects,2,4,Waiting to go,na,Driving carelessly,Slight Injury,1.0986122886681096,1.6094379124341003
12:48:00,Sunday,18-30,Male,Unknown,Owner,5-10yr,Commercial Vehicle,Owner,,No defect,Office areas,Double carriageway (median),Tangent road with flat terrain,Y Shape,Asphalt roads,Wet or damp,Daylight,Raining,Vehicle with vehicle collision,2,4,Going straight,3,Unsafe Lane Change,Slight Injury,1.0986122886681096,1.6094379124341003
18:40:00,Friday,18-30,Male,Unknown,Owner,Above 10yr,Other,Organization,Unknown,No defect,Other,Double carriageway (median),Tangent road with flat terrain,No junction,Asphalt roads,Dry,Daylight,Normal,Vehicle with vehicle collision,2,1,Going straight,3,Unsafe Lane Change,Slight Injury,1.0986122886681096,0.6931471805599453
18:40:00,Friday,18-30,Male,Junior high school,Owner,2-5yr,Private Vehicle,Owner,Unknown,No defect,Office areas,Two-way (divided with broken lines road marking),Tangent road with flat terrain,No junction,Asphalt roads,Dry,Daylight,Normal,Vehicle with vehicle collision,2,1,Going straight,na,Unsafe Lane Change,Slight Injury,1.0986122886681096,0.6931471805599453
11:11:00,Wednesday,18-30,Male,Elementary school,Owner,Above 10yr,Commercial Vehicle,Owner,Unknown,No defect,Office areas,Two-way (divided with broken lines road marking),Tangent road with flat terrain,Y Shape,Asphalt roads,Dry,Daylight,Normal,Vehicle with vehicle collision,2,1,Going straight,na,Driving carelessly,Slight Injury,1.0986122886681096,0.6931471805599453
11:11:00,Wednesday,18-30,Male,Writing & reading,Owner,5-10yr,Commercial Vehicle,Governmental,Unknown,,Office areas,One way,Tangent road with flat terrain,Y Shape,Gravel roads,Dry,Daylight,Normal,Vehicle with vehicle collision,2,1,Going straight,3,Unsafe Lane Change,Slight Injury,1.0986122886681096,0.6931471805599453
7:50:00,Tuesday,Over 51,Male,,Owner,,Commercial Vehicle,Owner,Unknown,,Other,Undivided Two way,Tangent road with flat terrain,Y Shape,Asphalt roads,Dry,Daylight,Normal,Rollover,2,2,Going straight,na,Priority Violation,Slight Injury,1.0986122886681096,1.0986122886681096
7:50:00,Tuesday,18-30,Male,Junior high school,Owner,5-10yr,Private Vehicle,Owner,Unknown,,Residential areas,Two-way (divided with broken lines road marking),Tangent road with flat terrain,Y Shape,Asphalt roads,Dry,Daylight,Normal,Vehicle with vehicle collision,2,2,Going straight,3,Driving carelessly,Slight Injury,1.0986122886681096,1.0986122886681096
7:50:00,Tuesday,18-30,Male,Junior high school,Owner,Below 1yr,Public Transport,Owner,2-5yrs,No defect,Residential areas,Two-way (divided with broken lines road marking),Gentle horizontal curve,Y Shape,Asphalt roads,Dry,Daylight,Normal,Collision with roadside objects,2,2,Going straight,3,Unsafe Lane Change,Slight Injury,1.0986122886681096,1.0986122886681096
16:30:00,Tuesday,18-30,Male,Junior high school,Owner,2-5yr,Public Transport,Owner,5-10yrs,, Church areas,Two-way (divided with broken lines road marking),Tangent road with flat terrain,No junction,Asphalt roads,Wet or damp,Daylight,Raining,Collision with pedestrians,2,1,Going straight,3,Driving carelessly,Slight Injury,1.0986122886681096,0.6931471805599453
16:30:00,Tuesday,31-50,Male,Elementary school,Employee,2-5yr,Commercial Vehicle,Owner,5-10yrs,,Other,Two-way (divided with broken lines road marking),Tangent road with flat terrain,No junction,Asphalt roads,Wet or damp,Daylight,Raining,Vehicle with vehicle collision,2,1,Going straight,na,DUI (Drugs/Alcohol),Slight Injury,1.0986122886681096,0.6931471805599453
18:56:00,Monday,Under 18,Male,Junior high school,Employee,2-5yr,Commercial Vehicle,Owner,Unknown,,Residential areas,Two-way (divided with broken lines road marking),Tangent road with flat terrain,Y Shape,Asphalt roads,Wet or damp,Daylight,Raining,Vehicle with vehicle collision,2,1,Going straight,3,No Distance,Slight Injury,1.0986122886681096,0.6931471805599453
18:56:00,Monday,Unknown,Female,Junior high school,Employee,2-5yr,Commercial Vehicle,Owner,2-5yrs,,Other,Undivided Two way,Tangent road with flat terrain,Y Shape,Asphalt roads,Wet or damp,Daylight,Raining,Vehicle with vehicle collision,2,1,Going straight,3,Unsafe Lane Change,Slight Injury,1.0986122886681096,0.6931471805599453
18:13:00,Tuesday,18-30,Male,Junior high school,Employee,5-10yr,Commercial Vehicle,Owner,2-5yrs,,Residential areas,Undivided Two way,Tangent road with flat terrain,No junction,Asphalt roads,Dry,Daylight,Normal,Vehicle with vehicle collision,3,1,Going straight,na,Priority Violation,Serious Injury,1.3862943611198906,0.6931471805599453
18:13:00,Tuesday,31-50,Male,Junior high school,Employee,5-10yr,Special Vehicle,Owner,2-5yrs,,Residential areas,Two-way (divided with broken lines road marking),Tangent road with flat terrain,No junction,Asphalt roads,Dry,Daylight,Normal,Vehicle with vehicle collision,3,1,Turnover,na,Moving Backward,Serious Injury,1.3862943611198906,0.6931471805599453
18:13:00,Tuesday,31-50,Male,Junior high school,Employee,Above 10yr,Commercial Vehicle,Owner,5-10yrs,No defect,Other,Two-way (divided with broken lines road marking),Tangent road with flat terrain,No junction,Asphalt roads with some distress,Dry,Daylight,Normal,Vehicle with vehicle collision,3,1,Reversing,3,Moving Backward,Serious Injury,1.3862943611198906,0.6931471805599453
15:15:00,Sunday,18-30,Male,Elementary school,Employee,5-10yr,Commercial Vehicle,,,,Other,Two-way (divided with broken lines road marking),Tangent road with flat terrain,Y Shape,Asphalt roads,Dry,Daylight,Normal,Vehicle with vehicle collision,3,2,Moving Backward,na,No Distance,Slight Injury,1.3862943611198906,1.0986122886681096
15:15:00,Sunday,31-50,Male,Junior high school,Employee,5-10yr,Public Transport,Owner,Unknown,No defect,Other,Undivided Two way,Tangent road with flat terrain,Y Shape,Asphalt roads,Dry,Daylight,Normal,Collision with roadside objects,3,2,Going straight,3,Unsafe Lane Change,Slight Injury,1.3862943611198906,1.0986122886681096
15:15:00,Sunday,31-50,Male,Junior high school,Employee,Above 10yr,Private Vehicle,Owner,Unknown,No defect,Other,Double carriageway (median),Tangent road with flat terrain,Y Shape,Asphalt roads,Dry,Daylight,Normal,Rollover,3,2,Moving Backward,3,Unsafe Lane Change,Slight Injury,1.3862943611198906,1.0986122886681096
10:12:00,Tuesday,18-30,Male,Elementary school,Owner,,Private Vehicle,Owner,Unknown,,Residential areas,Two-way (divided with broken lines road marking),Tangent road with flat terrain,Crossing,Asphalt roads,Dry,Daylight,Normal,Vehicle with vehicle collision,1,1,Going straight,na,Moving Backward,Slight Injury,0.6931471805599453,0.6931471805599453
19:25:00,Monday,31-50,Male,Junior high school,Owner,5-10yr,Commercial Vehicle,Owner,2-5yrs,,  Recreational areas,Undivided Two way,Tangent road with flat terrain,Crossing,Asphalt roads,Dry,Daylight,Normal,Collision with pedestrians,1,1,Going straight,3,Driving carelessly,Slight Injury,0.6931471805599453,0.6931471805599453
14:57:00,Friday,18-30,Male,Junior high school,Employee,5-10yr,Private Vehicle,Owner,,,Other,other,Tangent road with flat terrain,No junction,Asphalt roads,Wet or damp,Daylight,Normal,Vehicle with vehicle collision,2,3,Going straight,na,DUI (Drugs/Alcohol),Slight Injury,1.0986122886681096,1.3862943611198906
14:57:00,Friday,31-50,Unknown,Junior high school,Employee,Below 1yr,Private Vehicle,Owner,,,Office areas,Undivided Two way,Tangent road with flat terrain,No junction,Asphalt roads,Wet or damp,Daylight,Normal,Vehicle with vehicle collision,2,3,Going straight,3,No Distance,Slight Injury,1.0986122886681096,1.3862943611198906
14:57:00,Friday,31-50,Male,,,,Private Vehicle,,,,Other,Undivided Two way,Tangent road with flat terrain,No junction,Asphalt roads,Wet or damp,Daylight,Normal,Collision with pedestrians,2,3,Going straight,3,No Distance,Slight Injury,1.0986122886681096,1.3862943611198906
8:30:00,Sunday,Under 18,Male,Junior high school,Employee,5-10yr,Private Vehicle,Owner,Unknown,,Office areas,Undivided Two way,Tangent road with flat terrain,No junction,Asphalt roads,Wet or damp,Daylight,Normal,Collision with pedestrians,1,1,Unknown,3,Priority Violation,Serious Injury,0.6931471805599453,0.6931471805599453
22:05:00,Monday,Unknown,Female,Junior high school,Employee,5-10yr,Private Vehicle,Owner,Unknown,,Office areas,One way,Tangent road with flat terrain,Y Shape,Asphalt roads,Dry,Darkness - no lighting,Cloudy,Vehicle with vehicle collision,2,1,Going straight,na,Unsafe Lane Change,Slight Injury,1.0986122886681096,0.6931471805599453
22:05:00,Monday,18-30,Male,Junior high school,Employee,Above 10yr,Commercial Vehicle,Owner,Unknown,,Office areas,Undivided Two way,Tangent road with flat terrain,Y Shape,Asphalt roads,Dry,Darkness - no lighting,Cloudy,Vehicle with vehicle collision,2,1,Unknown,3,Priority Violation,Slight Injury,1.0986122886681096,0.6931471805599453
15:30:00,Friday,18-30,Male,High school,Employee,Above 10yr,Public Transport,Owner,Unknown,No defect,Other,Undivided Two way,Tangent road with flat terrain,No junction,Asphalt roads,Wet or damp,Daylight,Raining,Vehicle with vehicle collision,2,2,Going straight,3,Priority Violation,Slight Injury,1.0986122886681096,1.0986122886681096
15:30:00,Friday,Over 51,Unknown,Junior high school,Employee,Above 10yr,Public Transport,Governmental,Unknown,,Other,Double carriageway (median),Tangent road with flat terrain,No junction,Asphalt roads,Wet or damp,Daylight,Raining,Vehicle with vehicle collision,2,2,Moving Backward,na,Priority Violation,Slight Injury,1.0986122886681096,1.0986122886681096
15:30:00,Friday,Over 51,Male,Junior high school,Employee,Above 10yr,Commercial Vehicle,Owner,Unknown,No defect,Office areas,Two-way (divided with solid lines road marking),Tangent road with flat terrain,No junction,Asphalt roads,Wet or damp,Daylight,Raining,Vehicle with vehicle collision,2,2,Going straight,3,No Distance,Slight Injury,1.0986122886681096,1.0986122886681096
21:15:00,Sunday,31-50,Male,Junior high school,Employee,Above 10yr,Commercial Vehicle,Owner,Unknown,,Residential areas,other,Tangent road with flat terrain,No junction,Asphalt roads,Dry,Darkness - lights lit,Normal,Collision with roadside objects,2,4,Going straight,na,Moving Backward,Fatal injury,1.0986122886681096,1.6094379124341003
21:15:00,Sunday,31-50,Male,Junior high school,Employee,Above 10yr,Commercial Vehicle,Governmental,2-5yrs,,  Recreational areas,Undivided Two way,Tangent road with flat terrain,No junction,Asphalt roads,Dry,Darkness - lights lit,Normal,Vehicle with vehicle collision,2,4,Moving Backward,3,Unsafe Lane Change,Fatal injury,1.0986122886681096,1.6094379124341003
21:15:00,Sunday,18-30,Male,Junior high school,Employee,5-10yr,Private Vehicle,Owner,1-2yr,No defect,Other,other,Tangent road with flat terrain,No junction,Asphalt roads,Dry,Darkness - lights lit,Normal,Vehicle with vehicle collision,2,4,Going straight,3,Driving carelessly,Fatal injury,1.0986122886681096,1.6094379124341003
21:15:00,Sunday,18-30,Male,Junior high school,Employee,2-5yr,Private Vehicle,Owner,Above 10yr,No defect,Residential areas,other,Tangent road with flat terrain,No junction,Asphalt roads,Dry,Darkness - lights lit,Normal,Vehicle with vehicle collision,2,4,Turnover,na,Unsafe Lane Change,Fatal injury,1.0986122886681096,1.6094379124341003
16:32:00,Monday,18-30,Male,Junior high school,Employee,Below 1yr,Private Vehicle,Owner,Unknown,No defect,Other,other,Tangent road with flat terrain,No junction,Asphalt roads,Dry,Daylight,Normal,Vehicle with vehicle collision,3,1,Going straight,3,No Distance,Slight Injury,1.3862943611198906,0.6931471805599453
16:32:00,Monday,31-50,Unknown,Junior high school,Employee,Below 1yr,Commercial Vehicle,Owner,Unknown,,Other,other,Tangent road with flat terrain,No junction,Asphalt roads,Dry,Daylight,Normal,Vehicle with vehicle collision,3,1,Going straight,3,Unsafe Lane Change,Slight Injury,1.3862943611198906,0.6931471805599453
16:32:00,Monday,Over 51,Male,Junior high school,Employee,2-5yr,Commercial Vehicle,Owner,5-10yrs,,Other,One way,Tangent road with flat terrain,No junction,Asphalt roads,Dry,Daylight,Normal,Vehicle with vehicle collision,3,1,Unknown,na,DUI (Drugs/Alcohol),Slight Injury,1.3862943611198906,0.6931471805599453
15:30:00,Friday,31-50,Male,Elementary school,Employee,Below 1yr,Private Vehicle,Owner,Unknown,No defect,Other,Two-way (divided with broken lines road marking),Tangent road with flat terrain,No junction,Asphalt roads,Wet or damp,Daylight,Normal,Vehicle with vehicle collision,2,1,Going straight,na,No Distance,Slight Injury,1.0986122886681096,0.6931471805599453
15:30:00,Friday,31-50,Male,Junior high school,Employee,Below 1yr,Private Vehicle,Owner,2-5yrs,No defect,Other,other,Tangent road with flat terrain,No junction,Asphalt roads,Wet or damp,Daylight,Normal,Vehicle with vehicle collision,2,1,Going straight,3,Reckless Driving,Slight Injury,1.0986122886681096,0.6931471805599453
14:45:00,Saturday,Over 51,Male,Junior high school,Employee,,Private Vehicle,Owner,Unknown,No defect,School areas,Undivided Two way,Tangent road with flat terrain,No junction,Asphalt roads,Dry,Daylight,Normal,Vehicle with vehicle collision,1,1,Going straight,3,No Distance,Fatal injury,0.6931471805599453,0.6931471805599453
19:30:00,Wednesday,31-50,Male,,Employee,5-10yr,Other,Owner,,No defect,Office areas,Two-way (divided with broken lines road marking),Tangent road with flat terrain,Y Shape,Asphalt roads,Dry,Daylight,Normal,Vehicle with vehicle collision,2,2,Going straight,3,Unsafe Lane Change,Slight Injury,1.0986122886681096,1.0986122886681096
19:30:00,Wednesday,Over 51,Male,Writing & reading,Employee,Below 1yr,Special Vehicle,Owner,Unknown,No defect,Office areas,Two-way (divided with broken lines road marking),Tangent road with flat terrain,Y Shape,Asphalt roads,Dry,Daylight,Normal,Vehicle with vehicle collision,2,2,Reversing,3,Priority Violation,Slight Injury,1.0986122886681096,1.0986122886681096
16:56:00,Friday,Over 51,Male,Junior high school,Employee,Below 1yr,Commercial Vehicle,Owner,5-10yrs,No defect,Office areas,Two-way (divided with broken lines road marking),Tangent road with flat terrain,Y Shape,Asphalt roads,Wet or damp,Daylight,Normal,Vehicle with vehicle collision,1,1,Going straight,3,Unsafe Lane Change,Slight Injury,0.6931471805599453,0.6931471805599453
17:50:00,Monday,18-30,Unknown,Junior high school,Employee,1-2yr,Commercial Vehicle,Owner,Unknown,No defect,School areas,Two-way (divided with broken lines road marking),Tangent road with flat terrain,Y Shape,Asphalt roads,Dry,Daylight,Normal,Vehicle with vehicle collision,2,1,Moving Backward,3,Unsafe Lane Change,Slight Injury,1.0986122886681096,0.6931471805599453
17:50:00,Monday,18-30,Male,Elementary school,Employee,Above 10yr,Commercial Vehicle,Governmental,,No defect,School areas,Undivided Two way,Tangent road with flat terrain,Y Shape,Asphalt roads,Dry,Daylight,Normal,Vehicle with vehicle collision,2,1,Going straight,na,No Distance,Slight Injury,1.0986122886681096,0.6931471805599453
9:04:00,Tuesday,31-50,Male,Elementary school,Employee,Above 10yr,Commercial Vehicle,Owner,,No defect,Office areas,Two-way (divided with broken lines road marking),Tangent road with flat terrain,No junction,Asphalt roads,Dry,Daylight,Normal,Vehicle with vehicle collision,2,1,Going straight,3,Priority Violation,Serious Injury,1.0986122886681096,0.6931471805599453
9:04:00,Tuesday,Over 51,Male,Elementary school,Employee,Below 1yr,Private Vehicle,Owner,,No defect,Office areas,Two-way (divided with broken lines road marking),Tangent road with flat terrain,No junction,Asphalt roads,Dry,Daylight,Normal,Collision with roadside objects,2,1,Going straight,na,Driving carelessly,Serious Injury,1.0986122886681096,0.6931471805599453
10:40:00,Thursday,Over 51,Male,High school,Employee,2-5yr,Private Vehicle,Governmental,Above 10yr,No defect,School areas,Two-way (divided with broken lines road marking),Tangent road with flat terrain,No junction,Asphalt roads,Dry,Daylight,Normal,Vehicle with vehicle collision,2,1,Going straight,na,No Distance,Slight Injury,1.0986122886681096,0.6931471805599453
10:40:00,Thursday,Over 51,Male,Junior high school,Employee,2-5yr,Private Vehicle,Owner,1-2yr,No defect,,Two-way (divided with broken lines road marking),Tangent road with flat terrain,No junction,Asphalt roads,Dry,Daylight,Normal,Vehicle with vehicle collision,2,1,Going straight,3,Driving carelessly,Slight Injury,1.0986122886681096,0.6931471805599453
21:15:00,Thursday,18-30,Male,Above high school,Employee,Above 10yr,Private Vehicle,Owner,Above 10yr,No defect,Other,Two-way (divided with broken lines road marking),Tangent road with flat terrain,Crossing,Asphalt roads,Dry,Darkness - lights lit,Normal,Vehicle with vehicle collision,2,1,Turnover,3,Driving carelessly,Fatal injury,1.0986122886681096,0.6931471805599453
21:15:00,Thursday,18-30,Male,Junior high school,Employee,2-5yr,Private Vehicle,Owner,Below 1yr,No defect,Other,Undivided Two way,Tangent road with flat terrain,Crossing,Asphalt roads,Dry,Darkness - lights lit,Normal,Vehicle with vehicle collision,2,1,Going straight,na,Moving Backward,Fatal injury,1.0986122886681096,0.6931471805599453
16:00:00,Friday,Under 18,Male,Junior high school,Employee,2-5yr,Private Vehicle,Owner,Above 10yr,No defect,Other,Two-way (divided with broken lines road marking),Tangent road with flat terrain,Y Shape,Asphalt roads,Dry,Daylight,Normal,Collision with pedestrians,3,1,Going straight,na,Speeding,Serious Injury,1.3862943611198906,0.6931471805599453
16:00:00,Friday,18-30,Male,High school,Employee,1-2yr,Public Transport,Owner,Unknown,No defect,Residential areas,Undivided Two way,Tangent road with flat terrain,Y Shape,Asphalt roads,Dry,Daylight,Normal,Vehicle with vehicle collision,3,1,Moving Backward,3,Priority Violation,Serious Injury,1.3862943611198906,0.6931471805599453
16:00:00,Friday,31-50,Male,Junior high school,Employee,5-10yr,Public Transport,Governmental,1-2yr,No defect,Other,Undivided Two way,Tangent road with flat terrain,Y Shape,Asphalt roads,Dry,Daylight,Normal,Vehicle with vehicle collision,3,1,Going straight,na,Priority Violation,Serious Injury,1.3862943611198906,0.6931471805599453
19:30:00,Saturday,18-30,Male,Junior high school,Employee,Below 1yr,Private Vehicle,Owner,1-2yr,No defect,Other,Undivided Two way,Tangent road with flat terrain,No junction,Asphalt roads,Dry,Daylight,Normal,Vehicle with vehicle collision,3,1,Going straight,2,Unsafe Lane Change,Slight Injury,1.3862943611198906,0.6931471805599453
19:30:00,Saturday,18-30,Male,Junior high school,Employee,Below 1yr,Private Vehicle,Owner,,No defect, Industrial areas,Undivided Two way,Tangent road with flat terrain,No junction,Asphalt roads,Dry,Daylight,Normal,Vehicle with vehicle collision,3,1,Going straight,na,Priority Violation,Slight Injury,1.3862943611198906,0.6931471805599453
19:30:00,Saturday,18-30,Male,Elementary school,Employee,,Non-Motorized,Owner,,No defect,  Recreational areas,Undivided Two way,Tangent road with flat terrain,No junction,Asphalt roads,Dry,Daylight,Normal,Vehicle with vehicle collision,3,1,Other,3,No Distance,Slight Injury,1.3862943611198906,0.6931471805599453
9:32:00,Sunday,31-50,Male,Junior high school,Employee,Below 1yr,Private Vehicle,Owner,Above 10yr,No defect, Church areas,Two-way (divided with broken lines road marking),Tangent road with flat terrain,Y Shape,Asphalt roads,Dry,Daylight,Normal,Vehicle with vehicle collision,2,1,Going straight,3,Moving Backward,Slight Injury,1.0986122886681096,0.6931471805599453
9:32:00,Sunday,18-30,Male,Junior high school,Employee,1-2yr,Commercial Vehicle,Owner,,,Office areas,Two-way (divided with broken lines road marking),Tangent road with flat terrain,Y Shape,Asphalt roads,Dry,Daylight,Normal,Vehicle with vehicle collision,2,1,Going straight,3,Unsafe Lane Change,Slight Injury,1.0986122886681096,0.6931471805599453
11:19:00,Wednesday,Over 51,Male,Elementary school,Employee,2-5yr,Private Vehicle,Owner,,,Other,Two-way (divided with broken lines road marking),Tangent road with flat terrain,Y Shape,Asphalt roads,Dry,Daylight,Normal,Vehicle with vehicle collision,1,2,Turnover,na,No Distance,Slight Injury,0.6931471805599453,1.0986122886681096
11:19:00,Wednesday,Over 51,Male,High school,Employee,1-2yr,Public Transport,Owner,,,Office areas,Undivided Two way,Tangent road with flat terrain,Y Shape,Asphalt roads,Dry,Daylight,Normal,Collision with pedestrians,1,2,Moving Backward,3,Speeding,Slight Injury,0.6931471805599453,1.0986122886681096
8:05:00,Friday,31-50,Unknown,Junior high school,Employee,5-10yr,Special Vehicle,Owner,,,Office areas,Two-way (divided with broken lines road marking),Tangent road with flat terrain,Y Shape,Asphalt roads,Dry,Daylight,Normal,Vehicle with vehicle collision,1,1,Going straight,3,No Distance,Slight Injury,0.6931471805599453,0.6931471805599453
6:26:00,Friday,18-30,Male,Junior high school,Employee,Below 1yr,Private Vehicle,Owner,,,Other,Two-way (divided with broken lines road marking),Tangent road with flat terrain,No junction,Asphalt roads,Wet or damp,Daylight,Normal,Vehicle with vehicle collision,1,2,Going straight,na,Unsafe Lane Change,Slight Injury,0.6931471805599453,1.0986122886681096
6:26:00,Friday,18-30,Male,High school,Employee,Above 10yr,Public Transport,Owner,Above 10yr,,Residential areas,Undivided Two way,Tangent road with flat terrain,No junction,Asphalt roads,Wet or damp,Daylight,Normal,Vehicle with vehicle collision,1,2,Going straight,3,DUI (Drugs/Alcohol),Slight Injury,0.6931471805599453,1.0986122886681096
9:20:00,Thursday,18-30,Male,Elementary school,Owner,5-10yr,Private Vehicle,Owner,Above 10yr,,Office areas,other,Tangent road with mountainous terrain and,Crossing,Asphalt roads,Dry,Daylight,Normal,Vehicle with vehicle collision,2,1,Reversing,3,No Distance,Serious Injury,1.0986122886681096,0.6931471805599453
9:20:00,Thursday,18-30,Unknown,Elementary school,Employee,Below 1yr,Commercial Vehicle,Owner,Above 10yr,No defect,Residential areas,other,Tangent road with flat terrain,Crossing,Asphalt roads,Dry,Daylight,Normal,Collision with roadside objects,2,1,Going straight,3,No Distance,Serious Injury,1.0986122886681096,0.6931471805599453
9:25:00,Friday,31-50,Male,Junior high school,Employee,5-10yr,Commercial Vehicle,,,,School areas,Two-way (divided with broken lines road marking),Tangent road with flat terrain,Y Shape,Asphalt roads,Dry,Daylight,Normal,Vehicle with vehicle collision,2,1,Going straight,3,Unsafe Lane Change,Slight Injury,1.0986122886681096,0.6931471805599453