Time,Day_of_week,Age_band_of_driver,Sex_of_driver,Educational_level,Vehicle_driver_relation,Driving_experience,Type_of_vehicle,Owner_of_vehicle,Service_year_of_vehicle,Defect_of_vehicle,Area_accident_occured,Lanes_or_Medians,Road_allignment,Types_of_Junction,Road_surface_type,Road_surface_conditions,Light_conditions,Weather_conditions,Type_of_collision,Number_of_vehicles_involved,Number_of_casualties,Vehicle_movement,Casualty_severity,Cause_of_accident,Accident_severity,Number_of_vehicles_involved_log,Number_of_casualties_log
17:10:00,Wednesday,Under 18,Male,Junior high school,Owner,5-10yr,Commercial Vehicle,Owner,5-10yrs,,Office areas,Two-way (divided with broken lines road marking),Tangent road with flat terrain,No junction,Asphalt roads,Dry,Daylight,Normal,Collision with roadside objects,2,1,Going straight,na,Unsafe Lane Change,Slight Injury,1.0986122886681096,0.6931471805599453
12:45:00,Saturday,18-30,Male,High school,Employee,1-2yr,Private Vehicle,Owner,Below 1yr,, Church areas,other,Tangent road with flat terrain,No junction,Asphalt roads,Dry,Daylight,Normal,Vehicle with vehicle collision,2,2,Going straight,3,Driving carelessly,Slight Injury,1.0986122886681096,1.0986122886681096
12:45:00,Saturday,31-50,Male,Junior high school,Employee,Above 10yr,Commercial Vehicle,Owner,Unknown,No defect,Other,Two-way (divided with broken lines road marking),Tangent road with flat terrain,No junction,Asphalt roads,Dry,Daylight,Normal,Collision with roadside objects,2,2,Going straight,3,Speeding,Slight Injury,1.0986122886681096,1.0986122886681096
12:45:00,Saturday,31-50,Male,Junior high school,Employee,1-2yr,Private Vehicle,Owner,,,Other,One way,Tangent road with flat terrain,No junction,Asphalt roads,Dry,Daylight,Normal,Collision with roadside objects,2,2,Going straight,na,Unsafe Lane Change,Slight Injury,1.0986122886681096,1.0986122886681096
16:10:00,Tuesday,18-30,Male,Junior high school,Employee,2-5yr,Public Transport,Owner,,,Office areas,Double carriageway (median),Tangent road with flat terrain,Crossing,Asphalt roads,Wet or damp,Daylight,Normal,Collision with pedestrians,1,1,Going straight,3,No Distance,Slight Injury,0.6931471805599453,0.6931471805599453
8:40:00,Thursday,Unknown,Male,Junior high school,Employee,Above 10yr,Commercial Vehicle,Owner,,,Office areas,One way,Tangent road with mild grade and flat terrain,No junction,Other,Dry,Daylight,Normal,Vehicle with vehicle collision,2,1,Waiting to go,3,Other,Slight Injury,1.0986122886681096,0.6931471805599453
8:40:00,Thursday,18-30,Male,Junior high school,Employee,2-5yr,Public Transport,Owner,,,Office areas,Undivided Two way,Tangent road with flat terrain,No junction,,Dry,Daylight,Normal,Collision with roadside objects,2,1,Going straight,2,Unsafe Lane Change,Slight Injury,1.0986122886681096,0.6931471805599453
17:03:00,Friday,31-50,Male,Elementary school,Employee,5-10yr,Other,Owner,,No defect,Office areas,Double carriageway (median),Tangent road with flat terrain,No junction,Asphalt roads,Dry,Darkness - no lighting,Normal,Vehicle with vehicle collision,1,1,Going straight,3,Unsafe Lane Change,Fatal injury,0.6931471805599453,0.6931471805599453
17:35:00,Monday,18-30,Male,,,,Commercial Vehicle,Owner,Unknown,,,Two-way (divided with broken lines road marking),Tangent road with flat terrain,Y Shape,Asphalt roads,Dry,Daylight,Normal,Vehicle with vehicle collision,2,1,Going straight,3,Speeding,Serious Injury,1.0986122886681096,0.6931471805599453
17:35:00,Monday,31-50,Male,Elementary school,Employee,1-2yr,Commercial Vehicle,Owner,Below 1yr,,Office areas,Undivided Two way,Tangent road with flat terrain,Y Shape,Asphalt roads,Dry,Daylight,Normal,Vehicle with vehicle collision,2,1,Going straight,3,Other,Serious Injury,1.0986122886681096,0.6931471805599453
14:54:00,Saturday,18-30,Male,Elementary school,Employee,5-10yr,Commercial Vehicle,Owner,Unknown,,Other,Two-way (divided with broken lines road marking),Tangent road with flat terrain,Y Shape,Asphalt roads,Dry,Daylight,Normal,Vehicle with vehicle collision,1,1,Going straight,3,Unsafe Lane Change,Serious Injury,0.6931471805599453,0.6931471805599453
9:10:00,Thursday,18-30,Male,Elementary school,Employee,5-10yr,Commercial Vehicle,Owner,,,Other,Double carriageway (median),Tangent road with flat terrain,Y Shape,Asphalt roads,Dry,Daylight,Normal,Vehicle with vehicle collision,2,1,Going straight,3,Speeding,Slight Injury,1.0986122886681096,0.6931471805599453
9:10:00,Thursday,31-50,Male,Junior high school,Employee,1-2yr,Commercial Vehicle,Governmental,Unknown,,Other,Two-way (divided with broken lines road marking),Tangent road with flat terrain,Y Shape,Asphalt roads,Dry,Daylight,Normal,Vehicle with vehicle collision,2,1,Going straight,na,Priority Violation,Slight Injury,1.0986122886681096,0.6931471805599453
7:30:00,Tuesday,Over 51,Male,Junior high school,Employee,5-10yr,Commercial Vehicle,Owner,,,Office areas,Two-way (divided with broken lines road marking),Tangent road with flat terrain,Crossing,Asphalt roads,Dry,Daylight,Normal,Collision with roadside objects,1,1,Going straight,3,Moving Backward,Slight Injury,0.6931471805599453,0.6931471805599453
12:32:00,Sunday,18-30,Male,Junior high school,Employee,5-10yr,Commercial Vehicle,Owner,,,Office areas,Two-way (divided with broken lines road marking),Tangent road with flat terrain,Unknown,Asphalt roads,Dry,Daylight,Normal,Vehicle with vehicle collision,2,2,Going straight,na,Other,Slight Injury,1.0986122886681096,1.0986122886681096
12:32:00,Sunday,18-30,Male,Junior high school,Employee,2-5yr,Private Vehicle,Owner,,,Office areas,Two-way (divided with broken lines road marking),Tangent road with flat terrain,Unknown,Asphalt roads,Dry,Daylight,Normal,Collision with roadside objects,2,2,Going straight,3,Priority Violation,Slight Injury,1.0986122886681096,1.0986122886681096
12:32:00,Sunday,18-30,Male,Junior high school,Employee,1-2yr,Other,Governmental,,No defect,Office areas,Two-way (divided with broken lines road marking),Tangent road with flat terrain,Unknown,Asphalt roads,Dry,Daylight,Normal,Vehicle with vehicle collision,2,2,Going straight,3,Priority Violation,Slight Injury,1.0986122886681096,1.0986122886681096
18:24:00,Monday,18-30,Male,Junior high school,Employee,5-10yr,Private Vehicle,Owner,2-5yrs,, Church areas,Undivided Two way,Tangent road with flat terrain,No junction,Asphalt roads,Dry,Darkness - lights lit,Normal,Vehicle with vehicle collision,1,1,Going straight,na,Unsafe Lane Change,Slight Injury,0.6931471805599453,0.6931471805599453
7:22:00,Thursday,18-30,Unknown,Junior high school,Employee,Below 1yr,Other,Governmental,,,Office areas,Two-way (divided with broken lines road marking),Tangent road with flat terrain,Y Shape,Asphalt roads,Wet or damp,Darkness - lights lit,Normal,Vehicle with vehicle collision,2,1,Going straight,na,Unsafe Lane Change,Serious Injury,1.0986122886681096,0.6931471805599453
7:22:00,Thursday,Over 51,Male,Junior high school,Employee,5-10yr,Private Vehicle,Governmental,Unknown,,Residential areas,Two-way (divided with broken lines road marking),Tangent road with flat terrain,Y Shape,Other,Wet or damp,Darkness - lights lit,Normal,Collision with roadside objects,2,1,Turnover,3,Unsafe Lane Change,Serious Injury,1.0986122886681096,0.6931471805599453
18:30:00,Wednesday,31-50,Male,Junior high school,Owner,5-10yr,Commercial Vehicle,Owner,,,School areas,Two-way (divided with broken lines road marking),Tangent road with flat terrain,Other,Asphalt roads,Dry,Daylight,Unknown,Collision with roadside objects,2,1,Reversing,3,Unsafe Lane Change,Serious Injury,1.0986122886681096,0.6931471805599453
18:30:00,Wednesday,31-50,Male,,Owner,5-10yr,Private Vehicle,Owner,Unknown,,Office areas,Undivided Two way,Tangent road with flat terrain,Other,Asphalt roads,Dry,Daylight,Unknown,Vehicle with vehicle collision,2,1,Moving Backward,na,Unsafe Lane Change,Serious Injury,1.0986122886681096,0.6931471805599453
20:33:00,Friday,31-50,Male,Junior high school,Employee,5-10yr,Public Transport,Owner,5-10yrs,,Other,Undivided Two way,Tangent road with flat terrain,Crossing,Asphalt roads,Wet or damp,Darkness - lights lit,Normal,Vehicle with vehicle collision,2,1,Going straight,na,Moving Backward,Slight Injury,1.0986122886681096,0.6931471805599453
20:33:00,Friday,31-50,Male,High school,Employee,2-5yr,Private Vehicle,Owner,,,Other,Double carriageway (median),Tangent road with flat terrain,Crossing,Asphalt roads,Wet or damp,Darkness - lights lit,Normal,Vehicle with vehicle collision,2,1,Moving Backward,3,Speeding,Slight Injury,1.0986122886681096,0.6931471805599453
17:18:00,Monday,18-30,Male,Above high school,Employee,5-10yr,Other,Governmental,,No defect,Other,Double carriageway (median),Tangent road with flat terrain,No junction,Asphalt roads,Dry,Darkness - lights lit,Raining and Windy,Vehicle with vehicle collision,2,1,Going straight,3,Moving Backward,Slight Injury,1.0986122886681096,0.6931471805599453
17:18:00,Monday,31-50,Male,Junior high school,Employee,Above 10yr,Public Transport,Owner,5-10yrs,No defect,Other,Two-way (divided with broken lines road marking),Tangent road with flat terrain,No junction,Asphalt roads,Dry,Darkness - lights lit,Raining and Windy,Vehicle with vehicle collision,2,1,Going straight,3,No Distance,Slight Injury,1.0986122886681096,0.6931471805599453
11:15:00,Wednesday,Over 51,Male,Junior high school,Employee,Below 1yr,Private Vehicle,Owner,Unknown,No defect,Office areas,Double carriageway (median),Tangent road with mild grade and flat terrain,Y Shape,Asphalt roads,Wet or damp,Daylight,Normal,Vehicle with vehicle collision,2,1,Going straight,na,Other,Serious Injury,1.0986122886681096,0.6931471805599453
11:15:00,Wednesday,31-50,Male,Elementary school,Employee,5-10yr,Commercial Vehicle,Owner,,,Office areas,Two-way (divided with broken lines road marking),Tangent road with flat terrain,Y Shape,Asphalt roads,Wet or damp,Daylight,Normal,Vehicle with vehicle collision,2,1,Going straight,na,Priority Violation,Serious Injury,1.0986122886681096,0.6931471805599453
18:45:00,Thursday,31-50,Male,Elementary school,Employee,2-5yr,Commercial Vehicle,Owner,,,Office areas,Two-way (divided with broken lines road marking),Tangent road with mild grade and flat terrain,Y Shape,Asphalt roads,Wet or damp,Darkness - lights lit,Raining,Collision with roadside objects,2,1,Going straight,3,Unsafe Lane Change,Slight Injury,1.0986122886681096,0.6931471805599453
18:45:00,Thursday,31-50,Male,Junior high school,Employee,2-5yr,Commercial Vehicle,Owner,,,Office areas,Two-way (divided with broken lines road marking),Tangent road with mild grade and flat terrain,Y Shape,Other,Wet or damp,Darkness - lights lit,Raining,Collision with roadside objects,2,1,Unknown,na,Other,Slight Injury,1.0986122886681096,0.6931471805599453
10:08:00,Sunday,Over 51,Male,Junior high school,Employee,1-2yr,Private Vehicle,Owner,,,Office areas,One way,Tangent road with flat terrain,Y Shape,Asphalt roads,Dry,Daylight,Normal,Collision with roadside objects,2,1,Going straight,na,No Distance,Slight Injury,1.0986122886681096,0.6931471805599453
10:08:00,Sunday,31-50,Male,Junior high school,Employee,2-5yr,Commercial Vehicle,,,,Office areas,Two-way (divided with broken lines road marking),Tangent road with flat terrain,Y Shape,Asphalt roads,Dry,Daylight,Normal,Vehicle with vehicle collision,2,1,Unknown,3,Driving carelessly,Slight Injury,1.0986122886681096,0.6931471805599453
10:12:00,Saturday,18-30,Male,Junior high school,Employee,2-5yr,Private Vehicle,Owner,,,Office areas,Two-way (divided with broken lines road marking),Tangent road with flat terrain,Y Shape,,Dry,Daylight,Normal,Vehicle with vehicle collision,2,1,Going straight,na,No Distance,Slight Injury,1.0986122886681096,0.6931471805599453
10:12:00,Saturday,31-50,Male,Junior high school,Employee,Above 10yr,Public Transport,Owner,5-10yrs,,Other,Undivided Two way,Tangent road with flat terrain,Y Shape,Asphalt roads,Dry,Daylight,Normal,Vehicle with vehicle collision,2,1,Moving Backward,3,Moving Backward,Slight Injury,1.0986122886681096,0.6931471805599453
17:16:00,Friday,18-30,Male,High school,Employee,Below 1yr,Private Vehicle,Owner,,No defect,Other,Two-way (divided with broken lines road marking),Tangent road with flat terrain,Y Shape,Asphalt roads,Dry,Darkness - lights lit,Normal,Vehicle with vehicle collision,2,1,Going straight,3,No Distance,Slight Injury,1.0986122886681096,0.6931471805599453
17:16:00,Friday,31-50,Male,Junior high school,Employee,2-5yr,Private Vehicle,,2-5yrs,No defect,Residential areas,Two-way (divided with broken lines road marking),Tangent road with flat terrain,Y Shape,Asphalt roads,Dry,Darkness - lights lit,Normal,Collision with pedestrians,2,1,Going straight,3,Moving Backward,Slight Injury,1.0986122886681096,0.6931471805599453
19:25:00,Friday,Over 51,Male,High school,Employee,Above 10yr,Private Vehicle,Owner,,No defect,Other,Two-way (divided with broken lines road marking),Tangent road with flat terrain,Y Shape,Earth roads,Dry,Darkness - lights lit,Normal,Collision with pedestrians,1,1,Moving Backward,3,Priority Violation,Serious Injury,0.6931471805599453,0.6931471805599453
15:00:00,Thursday,18-30,Male,Junior high school,Employee,Above 10yr,Commercial Vehicle,Owner,5-10yrs,No defect,Other,Two-way (divided with broken lines road marking),Tangent road with flat terrain,No junction,Asphalt roads,Dry,Daylight,Normal,Vehicle with vehicle collision,3,1,Going straight,na,Unsafe Lane Change,Slight Injury,1.3862943611198906,0.6931471805599453
15:00:00,Thursday,31-50,Unknown,High school,Employee,5-10yr,Other,Governmental,,No defect,Other,Two-way (divided with broken lines road marking),Tangent road with flat terrain,No junction,Asphalt roads,Dry,Daylight,Normal,Vehicle with vehicle collision,3,1,Turnover,3,No Distance,Slight Injury,1.3862943611198906,0.6931471805599453
15:00:00,Thursday,Unknown,Female,Junior high school,Employee,Above 10yr,Commercial Vehicle,Owner,5-10yrs,,Other,Undivided Two way,Tangent road with flat terrain,No junction,Asphalt roads,Dry,Daylight,Normal,Vehicle with vehicle collision,3,1,Going straight,na,Other,Slight Injury,1.3862943611198906,0.6931471805599453
17:40:00,Wednesday,31-50,Male,Junior high school,Employee,1-2yr,Private Vehicle,Owner,,, Industrial areas,Undivided Two way,Tangent road with flat terrain,No junction,Asphalt roads,Dry,Darkness - lights lit,Normal,Vehicle with vehicle collision,2,1,Going straight,2,No Distance,Slight Injury,1.0986122886681096,0.6931471805599453
17:40:00,Wednesday,31-50,Male,Junior high school,Employee,2-5yr,Commercial Vehicle,Owner,5-10yrs,, Industrial areas,Undivided Two way,Tangent road with flat terrain,No junction,Asphalt roads,Dry,Darkness - lights lit,Normal,Vehicle with vehicle collision,2,1,Unknown,3,Priority Violation,Slight Injury,1.0986122886681096,0.6931471805599453
11:44:00,Sunday,18-30,Male,Elementary school,Employee,2-5yr,Private Vehicle,Owner,,No defect, Church areas,Double carriageway (median),Tangent road with flat terrain,O Shape,Asphalt roads,Wet or damp,Daylight,Normal,Vehicle with vehicle collision,2,1,Going straight,2,Moving Backward,Slight Injury,1.0986122886681096,0.6931471805599453
11:44:00,Sunday,31-50,Male,Elementary school,Other,5-10yr,Public Transport,Owner,,No defect,Other,Undivided Two way,Tangent road with flat terrain,O Shape,Asphalt roads,Wet or damp,Daylight,Normal,Vehicle with vehicle collision,2,1,Going straight,na,Priority Violation,Slight Injury,1.0986122886681096,0.6931471805599453
14:20:00,Sunday,18-30,Male,Junior high school,Employee,5-10yr,Private Vehicle,Owner,Above 10yr,,Other,Undivided Two way,Tangent road with flat terrain,No junction,Asphalt roads,Dry,Daylight,Normal,Vehicle with vehicle collision,2,1,Going straight,3,No Distance,Slight Injury,1.0986122886681096,0.6931471805599453
14:20:00,Sunday,31-50,Male,High school,Owner,5-10yr,Commercial Vehicle,Owner,Unknown,No defect,Office areas,Undivided Two way,Tangent road with flat terrain,No junction,Asphalt roads,Dry,Daylight,Normal,Vehicle with vehicle collision,2,1,Going straight,3,Priority Violation,Slight Injury,1.0986122886681096,0.6931471805599453
15:20:00,Saturday,Over 51,Male,Junior high school,Employee,Above 10yr,Public Transport,Owner,Unknown,No defect,Office areas,Undivided Two way,Tangent road with flat terrain,Unknown,Asphalt roads,Wet or damp,Daylight,Normal,Vehicle with vehicle collision,1,2,Reversing,na,Driving carelessly,Slight Injury,0.6931471805599453,1.0986122886681096
15:20:00,Saturday,Over 51,Male,Junior high school,Employee,Below 1yr,Private Vehicle,Governmental,Below 1yr,,Residential areas,Two-way (divided with broken lines road marking),Tangent road with flat terrain,Unknown,Asphalt roads,Wet or damp,Daylight,Normal,Collision with roadside objects,1,2,Going straight,3,Improper Parking/Exit,Slight Injury,0.6931471805599453,1.0986122886681096
16:22:00,Friday,18-30,Male,Junior high school,Other,Below 1yr,Public Transport,Owner,Unknown,No defect, Industrial areas,Undivided Two way,Tangent road with flat terrain,No junction,Asphalt roads,Dry,Darkness - lights lit,Normal,Rollover,4,3,Moving Backward,3,Driving carelessly,Slight Injury,1.6094379124341003,1.3862943611198906
16:22:00,Friday,31-50,Male,Junior high school,Employee,Above 10yr,Commercial Vehicle,Owner,,No defect,Office areas,Undivided Two way,Tangent road with flat terrain,No junction,Asphalt roads,Dry,Darkness - lights lit,Normal,Vehicle with vehicle collision,4,3,Going straight,3,Unsafe Lane Change,Slight Injury,1.6094379124341003,1.3862943611198906
16:22:00,Friday,Over 51,Male,High school,Owner,5-10yr,Private Vehicle,Owner,,No defect,Other,Undivided Two way,Tangent road with flat terrain,No junction,Asphalt roads,Dry,Darkness - lights lit,Normal,Vehicle with vehicle collision,4,3,Going straight,3,Priority Violation,Slight Injury,1.6094379124341003,1.3862943611198906
16:22:00,Friday,31-50,Male,Elementary school,Owner,5-10yr,Commercial Vehicle,Owner,,,Other,Two-way (divided with broken lines road marking),Tangent road with flat terrain,No junction,Asphalt roads,Dry,Darkness - lights lit,Normal,Vehicle with vehicle collision,4,3,Going straight,3,Unsafe Lane Change,Slight Injury,1.6094379124341003,1.3862943611198906
11:40:00,Sunday,31-50,Male,Junior high school,Employee,2-5yr,Private Vehicle,Owner,,No defect,Residential areas,Undivided Two way,Tangent road with flat terrain,Y Shape,Asphalt roads,Wet or damp,Daylight,Normal,Vehicle with vehicle collision,2,1,Going straight,3,Unsafe Lane Change,Slight Injury,1.0986122886681096,0.6931471805599453
11:40:00,Sunday,Over 51,Male,Junior high school,Employee,2-5yr,Commercial Vehicle,Owner,,,Office areas,Two-way (divided with broken lines road marking),Tangent road with flat terrain,Y Shape,Asphalt roads,Wet or damp,Daylight,Normal,Vehicle with vehicle collision,2,1,Going straight,na,No Distance,Slight Injury,1.0986122886681096,0.6931471805599453
17:30:00,Thursday,31-50,Male,Above high school,Employee,5-10yr,Private Vehicle,Organization,,,Residential areas,other,Tangent road with flat terrain,Y Shape,Earth roads,Wet or damp,Darkness - lights lit,Normal,Collision with roadside objects,1,1,Turnover,3,No Distance,Slight Injury,0.6931471805599453,0.6931471805599453
8:04:00,Thursday,Over 51,Male,Junior high school,Owner,2-5yr,Private Vehicle,Owner,,,Office areas,Two-way (divided with broken lines road marking),Tangent road with flat terrain,No junction,Asphalt roads,Dry,Daylight,Normal,Collision with roadside objects,2,2,Going straight,1,Unsafe Lane Change,Serious Injury,1.0986122886681096,1.0986122886681096
8:04:00,Thursday,Over 51,Male,,,,Private Vehicle,,,, Church areas,Two-way (divided with broken lines road marking),Tangent road with flat terrain,No junction,Asphalt roads,Dry,Daylight,Normal,Vehicle with vehicle collision,2,2,Going straight,na,Unsafe Lane Change,Serious Injury,1.0986122886681096,1.0986122886681096
8:04:00,Thursday,18-30,Male,Junior high school,Employee,2-5yr,Other,Organization,5-10yrs,,Residential areas,Two-way (divided with broken lines road marking),Tangent road with flat terrain,No junction,Asphalt roads,Dry,Daylight,Normal,Collision with roadside objects,2,2,Moving Backward,3,Priority Violation,Serious Injury,1.0986122886681096,1.0986122886681096
17:00:00,Tuesday,Unknown,Female,Junior high school,Employee,5-10yr,Private Vehicle,Owner,Above 10yr,,School areas,other,Tangent road with flat terrain,Crossing,Asphalt roads,Wet or damp,Darkness - lights lit,Normal,Vehicle with vehicle collision,2,1,Going straight,na,Unsafe Lane Change,Slight Injury,1.0986122886681096,0.6931471805599453
17:00:00,Tuesday,31-50,Male,Junior high school,Employee,2-5yr,Public Transport,Owner,5-10yrs,, Hospital areas,other,Steep grade downward with mountainous terrain,Crossing,Asphalt roads,Wet or damp,Darkness - lights lit,Normal,Vehicle with vehicle collision,2,1,Going straight,3,Priority Violation,Slight Injury,1.0986122886681096,0.6931471805599453
17:01:00,Wednesday,31-50,Male,Elementary school,Employee,1-2yr,Public Transport,Owner,2-5yrs,,Other,Undivided Two way,Tangent road with flat terrain,Y Shape,Asphalt roads,Wet or damp,Darkness - no lighting,Normal,Vehicle with vehicle collision,3,1,Going straight,3,Moving Backward,Slight Injury,1.3862943611198906,0.6931471805599453
17:01:00,Wednesday,31-50,Male,High school,Employee,,Private Vehicle,Owner,,,School areas,Double carriageway (median),Tangent road with flat terrain,Y Shape,Asphalt roads,Wet or damp,Darkness - no lighting,Normal,Vehicle with vehicle collision,3,1,Other,na,Unsafe Lane Change,Slight Injury,1.3862943611198906,0.6931471805599453
17:01:00,Wednesday,18-30,Male,Junior high school,Owner,1-2yr,Public Transport,Owner,Above 10yr,No defect,Other,other,Tangent road with flat terrain,Y Shape,Asphalt roads,Wet or damp,Darkness - no lighting,Normal,Vehicle with vehicle collision,3,1,Going straight,na,No Distance,Slight Injury,1.3862943611198906,0.6931471805599453
5:40:00,Tuesday,Over 51,Male,Junior high school,Employee,2-5yr,Public Transport,Owner,5-10yrs,, Industrial areas,Undivided Two way,Tangent road with flat terrain,Y Shape,Asphalt roads,Dry,Darkness - lights lit,Normal,Vehicle with vehicle collision,2,1,Going straight,na,No Distance,Slight Injury,1.0986122886681096,0.6931471805599453
5:40:00,Tuesday,18-30,Male,Junior high school,Employee,1-2yr,Commercial Vehicle,Owner,Unknown,No defect, Church areas,Two-way (divided with broken lines road marking),Tangent road with flat terrain,Y Shape,Asphalt roads,Dry,Darkness - lights lit,Normal,Collision with pedestrians,2,1,Turnover,3,No Distance,Slight Injury,1.0986122886681096,0.6931471805599453
20:37:00,Monday,18-30,Male,Elementary school,Employee,Above 10yr,Private Vehicle,Owner,,No defect,Office areas,Two-way (divided with broken lines road marking),Tangent road with flat terrain,Unknown,Earth roads,Wet or damp,Darkness - lights lit,Normal,Vehicle with vehicle collision,2,1,Moving Backward,na,Unsafe Lane Change,Slight Injury,1.0986122886681096,0.6931471805599453
20:37:00,Monday,18-30,Male,Junior high school,Employee,2-5yr,Commercial Vehicle,Owner,,No defect,Other,Two-way (divided with broken lines road marking),Tangent road with flat terrain,Unknown,Asphalt roads,Wet or damp,Darkness - lights lit,Normal,Collision with roadside objects,2,1,Going straight,3,Priority Violation,Slight Injury,1.0986122886681096,0.6931471805599453
20:43:00,Tuesday,18-30,Male,Junior high school,Employee,2-5yr,Commercial Vehicle,Owner,,No defect,Office areas,Double carriageway (median),Tangent road with flat terrain,No junction,Asphalt roads,Wet or damp,Darkness - lights lit,Normal,Vehicle with vehicle collision,1,1,Going straight,2,Speeding,Serious Injury,0.6931471805599453,0.6931471805599453
16:50:00,Tuesday,31-50,Male,Junior high school,Employee,2-5yr,Commercial Vehicle,Owner,,No defect,Office areas,Double carriageway (median),Tangent road with flat terrain,Y Shape,Asphalt roads,Dry,Darkness - lights lit,Normal,Collision with roadside objects,1,1,Going straight,na,Speeding,Slight Injury,0.6931471805599453,0.6931471805599453
9:24:00,Monday,Over 51,Male,Junior high school,Employee,2-5yr,Private Vehicle,Governmental,,No defect,Office areas,Double carriageway (median),Tangent road with flat terrain,No junction,Asphalt roads,Dry,Daylight,Normal,Vehicle with vehicle collision,2,1,Reversing,3,Other,Slight Injury,1.0986122886681096,0.6931471805599453
9:24:00,Monday,18-30,Male,Elementary school,Employee,2-5yr,Private Vehicle,Owner,,No defect,Residential areas,Double carriageway (median),Tangent road with flat terrain,No junction,Asphalt roads,Dry,Daylight,Normal,Vehicle with vehicle collision,2,1,Going straight,2,Unsafe Lane Change,Slight Injury,1.0986122886681096,0.6931471805599453
20:22:00,Friday,Over 51,Male,Junior high school,Employee,2-5yr,Private Vehicle,Owner,,No defect,Office areas,Double carriageway (median),Tangent road with flat terrain,Unknown,Asphalt roads,Wet or damp,Darkness - lights lit,Normal,Collision with pedestrians,2,1,Going straight,3,Priority Violation,Slight Injury,1.0986122886681096,0.6931471805599453
20:22:00,Friday,18-30,Male,Elementary school,Employee,5-10yr,Private Vehicle,Owner,2-5yrs,,Other,Undivided Two way,Tangent road with flat terrain,Unknown,Asphalt roads,Wet or damp,Darkness - lights lit,Normal,Vehicle with vehicle collision,2,1,Going straight,3,Unsafe Lane Change,Slight Injury,1.0986122886681096,0.6931471805599453
15:10:00,Tuesday,18-30,Male,Elementary school,Employee,2-5yr,Other,Owner,2-5yrs,, Industrial areas,One way,Tangent road with flat terrain,No junction,Asphalt roads,Wet or damp,Daylight,Raining,Vehicle with vehicle collision,2,1,Parked,3,No Distance,Serious Injury,1.0986122886681096,0.6931471805599453
15:10:00,Tuesday,Over 51,Male,Junior high school,Employee,Above 10yr,Private Vehicle,Owner,,No defect,Other,One way,Tangent road with flat terrain,No junction,Gravel roads,Wet or damp,Daylight,Raining,Vehicle with vehicle collision,2,1,Going straight,2,Moving Backward,Serious Injury,1.0986122886681096,0.6931471805599453
16:35:00,Wednesday,18-30,Male,Junior high school,Employee,Above 10yr,Private Vehicle,Owner,,No defect,Office areas,Double carriageway (median),Tangent road with flat terrain,No junction,Asphalt roads,Wet or damp,Darkness - lights lit,Normal,Vehicle with vehicle collision,3,2,Going straight,3,Unsafe Lane Change,Slight Injury,1.3862943611198906,1.0986122886681096
16:35:00,Wednesday,18-30,Male,High school,Employee,Above 10yr,Private Vehicle,Governmental,Unknown,,Office areas,Two-way (divided with broken lines road marking),Tangent road with flat terrain,No junction,Asphalt roads,Wet or damp,Darkness - lights lit,Normal,Collision with pedestrians,3,2,Unknown,2,Other,Slight Injury,1.3862943611198906,1.0986122886681096
16:35:00,Wednesday,18-30,Male,Junior high school,Employee,5-10yr,Public Transport,Governmental,,No defect,,Double carriageway (median),Tangent road with flat terrain,No junction,Asphalt roads,Wet or damp,Darkness - lights lit,Normal,Vehicle with vehicle collision,3,2,Going straight,3,No Distance,Slight Injury,1.3862943611198906,1.0986122886681096
16:35:00,Wednesday,18-30,Male,Junior high school,Owner,2-5yr,Private Vehicle,Owner,,,Other,Two-way (divided with broken lines road marking),Tangent road with flat terrain,No junction,Asphalt roads,Wet or damp,Darkness - lights lit,Normal,Vehicle with vehicle collision,3,2,Going straight,na,Moving Backward,Slight Injury,1.3862943611198906,1.0986122886681096
15:36:00,Tuesday,31-50,Male,Elementary school,Employee,1-2yr,Other,Owner,Unknown,,Office areas,Double carriageway (median),Tangent road with flat terrain,No junction,Asphalt roads,Wet or damp,Daylight,Other,Vehicle with vehicle collision,1,1,Stopping,3,No Distance,Slight Injury,0.6931471805599453,0.6931471805599453
15:19:00,Wednesday,18-30,Male,Junior high school,Employee,2-5yr,Private Vehicle,Owner,,No defect,Office areas,Two-way (divided with broken lines road marking),Tangent road with flat terrain,Y Shape,Asphalt roads,Wet or damp,Darkness - lights lit,Normal,Vehicle with vehicle collision,1,1,Going straight,3,Unsafe Lane Change,Slight Injury,0.6931471805599453,0.6931471805599453
22:40:00,Thursday,Over 51,Male,Junior high school,Employee,5-10yr,Other,Owner,5-10yrs,,Office areas,Undivided Two way,Tangent road with flat terrain,No junction,Asphalt roads,Wet or damp,Darkness - lights lit,Normal,Collision with roadside objects,2,1,Overtaking,2,Unsafe Lane Change,Slight Injury,1.0986122886681096,0.6931471805599453
22:40:00,Thursday,Under 18,Male,,,,Commercial Vehicle,Owner,,,Other,Undivided Two way,Tangent road with flat terrain,No junction,Asphalt roads,Wet or damp,Darkness - lights lit,Normal,Vehicle with vehicle collision,2,1,Going straight,2,Priority Violation,Slight Injury,1.0986122886681096,0.6931471805599453
18:50:00,Thursday,Over 51,Male,Elementary school,Owner,5-10yr,Commercial Vehicle,Owner,,No defect,Other,Undivided Two way,Tangent road with flat terrain,Y Shape,Asphalt roads,Wet or damp,Darkness - lights lit,Normal,Vehicle with vehicle collision,4,3,Reversing,3,Unsafe Lane Change,Slight Injury,1.6094379124341003,1.3862943611198906