Time,Day_of_week,Age_band_of_driver,Sex_of_driver,Educational_level,Vehicle_driver_relation,Driving_experience,Type_of_vehicle,Owner_of_vehicle,Service_year_of_vehicle,Defect_of_vehicle,Area_accident_occured,Lanes_or_Medians,Road_allignment,Types_of_Junction,Road_surface_type,Road_surface_conditions,Light_conditions,Weather_conditions,Type_of_collision,Number_of_vehicles_involved,Number_of_casualties,Vehicle_movement,Casualty_severity,Cause_of_accident,Accident_severity,Number_of_vehicles_involved_log,Number_of_casualties_log
18:50:00,Thursday,31-50,Male,High school,Other,Above 10yr,Public Transport,Owner,,No defect,  Recreational areas,Undivided Two way,Tangent road with flat terrain,Y Shape,Asphalt roads,Wet or damp,Darkness - lights lit,Normal,Vehicle with vehicle collision,4,3,Going straight,1,Driving carelessly,Slight Injury,1.6094379124341003,1.3862943611198906
18:50:00,Thursday,31-50,Male,Junior high school,Employee,Above 10yr,Private Vehicle,Owner,,No defect, Church areas,Undivided Two way,Tangent road with flat terrain,Y Shape,Asphalt roads,Wet or damp,Darkness - lights lit,Normal,Vehicle with vehicle collision,4,3,Going straight,na,Driving carelessly,Slight Injury,1.6094379124341003,1.3862943611198906
18:50:00,Thursday,31-50,Male,Junior high school,Employee,1-2yr,Commercial Vehicle,Other,1-2yr,No defect,  Recreational areas,other,Tangent road with flat terrain,Y Shape,Asphalt roads,Wet or damp,Darkness - lights lit,Normal,Collision with roadside objects,4,3,Unknown,na,Priority Violation,Slight Injury,1.6094379124341003,1.3862943611198906
18:50:00,Thursday,Unknown,Female,High school,Owner,,Private Vehicle,Owner,5-10yrs,No defect,School areas,other,Tangent road with flat terrain,Y Shape,Asphalt roads,Wet or damp,Darkness - lights lit,Normal,Vehicle with vehicle collision,4,3,Going straight,3,Improper Parking/Exit,Slight Injury,1.6094379124341003,1.3862943611198906
18:50:00,Thursday,Unknown,Female,Junior high school,Employee,2-5yr,Commercial Vehicle,Owner,,No defect, Church areas,Double carriageway (median),Tangent road with flat terrain,Y Shape,Asphalt roads,Wet or damp,Darkness - lights lit,Normal,Vehicle with vehicle collision,4,3,Moving Backward,2,No Distance,Slight Injury,1.6094379124341003,1.3862943611198906
17:05:00,Tuesday,Over 51,Male,Junior high school,Employee,5-10yr,Private Vehicle,Owner,5-10yrs,,Office areas,Two-way (divided with broken lines road marking),Tangent road with flat terrain,Y Shape,Asphalt roads,Dry,Darkness - lights lit,Normal,Vehicle with vehicle collision,3,1,Going straight,na,Unsafe Lane Change,Slight Injury,1.3862943611198906,0.6931471805599453
17:05:00,Tuesday,31-50,Male,Junior high school,Employee,2-5yr,Commercial Vehicle,Owner,2-5yrs,,Residential areas,One way,Steep grade downward with mountainous terrain,Y Shape,Asphalt roads,Dry,Darkness - lights lit,Normal,Vehicle with vehicle collision,3,1,Moving Backward,na,Priority Violation,Slight Injury,1.3862943611198906,0.6931471805599453
17:05:00,Tuesday,31-50,Male,Junior high school,Employee,Above 10yr,Commercial Vehicle,Owner,,No defect,Other,One way,Tangent road with flat terrain,Y Shape,Asphalt roads,Dry,Darkness - lights lit,Normal,Vehicle with vehicle collision,3,1,Going straight,3,No Distance,Slight Injury,1.3862943611198906,0.6931471805599453
11:00:00,Monday,31-50,Male,Elementary school,Employee,5-10yr,Commercial Vehicle,Owner,,No defect,Other,Undivided Two way,Tangent road with flat terrain,Y Shape,Asphalt roads,Wet or damp,Daylight,Normal,Vehicle with vehicle collision,1,1,Going straight,na,Priority Violation,Slight Injury,0.6931471805599453,0.6931471805599453
17:50:00,Tuesday,Over 51,Male,Junior high school,Employee,5-10yr,Public Transport,Governmental,1-2yr,No defect, Industrial areas,One way,Tangent road with flat terrain,No junction,Asphalt roads,Wet or damp,Darkness - lights lit,Normal,Vehicle with vehicle collision,1,1,Unknown,3,Priority Violation,Serious Injury,0.6931471805599453,0.6931471805599453
23:00:00,Tuesday,Over 51,Male,Above high school,Employee,1-2yr,Private Vehicle,Governmental,1-2yr,No defect, Church areas,other,Steep grade downward with mountainous terrain,Y Shape,Asphalt roads,Wet or damp,Darkness - lights lit,Raining,Vehicle with vehicle collision,1,1,Going straight,na,Priority Violation,Slight Injury,0.6931471805599453,0.6931471805599453
18:20:00,Tuesday,18-30,Male,Elementary school,Employee,Above 10yr,Other,Organization,1-2yr,No defect,Office areas,other,Tangent road with flat terrain,No junction,Earth roads,Wet or damp,Darkness - lights lit,Windy,Vehicle with vehicle collision,3,1,Going straight,na,Driving carelessly,Slight Injury,1.3862943611198906,0.6931471805599453
18:20:00,Tuesday,31-50,Male,Elementary school,Employee,5-10yr,Other,Owner,Unknown,No defect,Office areas,Undivided Two way,Tangent road with flat terrain,No junction,Asphalt roads,Wet or damp,Darkness - lights lit,Windy,Vehicle with vehicle collision,3,1,Going straight,na,Unsafe Lane Change,Slight Injury,1.3862943611198906,0.6931471805599453
18:20:00,Tuesday,18-30,Male,Elementary school,Employee,2-5yr,Other,Owner,,,Office areas,Double carriageway (median),Tangent road with flat terrain,No junction,Asphalt roads,Wet or damp,Darkness - lights lit,Windy,Vehicle with vehicle collision,3,1,Turnover,3,Unsafe Lane Change,Slight Injury,1.3862943611198906,0.6931471805599453
19:05:00,Saturday,31-50,Male,Elementary school,Employee,2-5yr,Private Vehicle,Owner,2-5yrs,,Other,Two-way (divided with broken lines road marking),Tangent road with flat terrain,No junction,Asphalt roads,Dry,Darkness - no lighting,Unknown,Collision with roadside objects,2,1,Going straight,na,Moving Backward,Slight Injury,1.0986122886681096,0.6931471805599453
19:05:00,Saturday,18-30,Male,Junior high school,Employee,5-10yr,Other,Owner,,,Office areas,Undivided Two way,Tangent road with flat terrain,No junction,Asphalt roads,Dry,Darkness - no lighting,Unknown,Collision with roadside objects,2,1,Going straight,na,Driving carelessly,Slight Injury,1.0986122886681096,0.6931471805599453
11:05:00,Sunday,18-30,Male,Junior high school,Employee,1-2yr,Commercial Vehicle,Owner,,No defect,Other,Double carriageway (median),Tangent road with flat terrain,Y Shape,Asphalt roads,Dry,Daylight,Normal,Collision with roadside objects,2,1,Going straight,3,Unsafe Lane Change,Slight Injury,1.0986122886681096,0.6931471805599453
11:05:00,Sunday,Under 18,Male,Junior high school,Employee,5-10yr,Public Transport,Owner,Above 10yr,No defect, Industrial areas,Two-way (divided with broken lines road marking),Tangent road with flat terrain,Y Shape,Asphalt roads,Dry,Daylight,Normal,Collision with pedestrians,2,1,Reversing,3,Unsafe Lane Change,Slight Injury,1.0986122886681096,0.6931471805599453
18:15:00,Sunday,31-50,Male,Junior high school,Employee,5-10yr,Commercial Vehicle,Owner,,No defect,Residential areas,other,Tangent road with flat terrain,Y Shape,Asphalt roads,Wet or damp,Darkness - lights lit,Normal,Vehicle with vehicle collision,1,1,Getting off,3,Priority Violation,Serious Injury,0.6931471805599453,0.6931471805599453
8:05:00,Friday,18-30,Male,Above high school,Employee,5-10yr,Public Transport,Owner,,No defect,Other,Two-way (divided with broken lines road marking),Tangent road with flat terrain,O Shape,Gravel roads,Dry,Darkness - lights lit,Cloudy,Vehicle with vehicle collision,2,1,Going straight,3,Unsafe Lane Change,Slight Injury,1.0986122886681096,0.6931471805599453
8:05:00,Friday,18-30,Male,Junior high school,Employee,Above 10yr,Commercial Vehicle,Owner,5-10yrs,,Other,One way,Tangent road with flat terrain,O Shape,Asphalt roads,Dry,Darkness - lights lit,Cloudy,Collision with pedestrians,2,1,Getting off,na,Unsafe Lane Change,Slight Injury,1.0986122886681096,0.6931471805599453
19:47:00,Thursday,Unknown,Female,Elementary school,Employee,2-5yr,Other,Owner,1-2yr,No defect,Other,One way,Tangent road with flat terrain,No junction,Asphalt roads,Dry,Darkness - lights lit,Normal,Vehicle with vehicle collision,2,1,Going straight,na,Driving carelessly,Slight Injury,1.0986122886681096,0.6931471805599453
19:47:00,Thursday,31-50,Male,Junior high school,Employee,5-10yr,Commercial Vehicle,Owner,,,Other,Undivided Two way,Tangent road with flat terrain,No junction,Asphalt roads,Dry,Darkness - lights lit,Normal,Vehicle with vehicle collision,2,1,Going straight,na,No Distance,Slight Injury,1.0986122886681096,0.6931471805599453
18:30:00,Tuesday,Over 51,Male,,,,Private Vehicle,,,,Other,Two-way (divided with broken lines road marking),Tangent road with flat terrain,Y Shape,Other,Dry,Darkness - lights lit,Cloudy,Vehicle with vehicle collision,1,1,Going straight,3,Improper Parking/Exit,Slight Injury,0.6931471805599453,0.6931471805599453
18:09:00,Monday,31-50,Male,Junior high school,Employee,5-10yr,Public Transport,Governmental,Below 1yr,No defect,Residential areas,other,Steep grade downward with mountainous terrain,Y Shape,Asphalt roads,Wet or damp,Darkness - lights lit,Cloudy,Vehicle with vehicle collision,2,1,Going straight,na,DUI (Drugs/Alcohol),Slight Injury,1.0986122886681096,0.6931471805599453
18:09:00,Monday,18-30,Male,Junior high school,Employee,,Commercial Vehicle,Owner,,No defect,Office areas,Two-way (divided with broken lines road marking),Tangent road with flat terrain,Y Shape,Asphalt roads,Wet or damp,Darkness - lights lit,Cloudy,Vehicle with vehicle collision,2,1,Going straight,3,Unsafe Lane Change,Slight Injury,1.0986122886681096,0.6931471805599453
17:36:00,Sunday,18-30,Male,Junior high school,Employee,,Other,Owner,,,Office areas,Two-way (divided with broken lines road marking),Tangent road with flat terrain,Crossing,Asphalt roads,Wet or damp,Darkness - lights lit,Normal,Vehicle with vehicle collision,1,1,Going straight,3,Driving carelessly,Slight Injury,0.6931471805599453,0.6931471805599453
19:35:00,Friday,18-30,Male,Junior high school,Employee,1-2yr,Other,Owner,Unknown,No defect,Other,Two-way (divided with broken lines road marking),Tangent road with flat terrain,Crossing,Asphalt roads,Wet or damp,Darkness - lights lit,Normal,Collision with roadside objects,2,2,Going straight,3,Moving Backward,Slight Injury,1.0986122886681096,1.0986122886681096
19:35:00,Friday,31-50,Male,Above high school,Owner,5-10yr,Private Vehicle,Owner,Above 10yr,No defect,Other,One way,Tangent road with flat terrain,Crossing,Asphalt roads,Wet or damp,Darkness - lights lit,Normal,Collision with pedestrians,2,2,Going straight,1,Unsafe Lane Change,Slight Injury,1.0986122886681096,1.0986122886681096
10:42:00,Monday,Over 51,Male,Junior high school,Employee,2-5yr,Commercial Vehicle,Owner,,No defect,Office areas,Two-way (divided with broken lines road marking),Tangent road with flat terrain,Y Shape,Asphalt roads,Dry,Daylight,Normal,Vehicle with vehicle collision,2,1,Going straight,1,Unsafe Lane Change,Serious Injury,1.0986122886681096,0.6931471805599453
10:42:00,Monday,31-50,Male,Junior high school,Owner,5-10yr,Commercial Vehicle,Owner,2-5yrs,,Office areas,Undivided Two way,Tangent road with flat terrain,Y Shape,Asphalt roads,Dry,Daylight,Normal,Vehicle with vehicle collision,2,1,Moving Backward,2,Driving carelessly,Serious Injury,1.0986122886681096,0.6931471805599453
8:05:00,Tuesday,18-30,Male,High school,Employee,2-5yr,Private Vehicle,Owner,,No defect,Other,Two-way (divided with broken lines road marking),Tangent road with flat terrain,No junction,Asphalt roads,Dry,Daylight,Normal,Collision with roadside objects,1,1,Going straight,2,Priority Violation,Slight Injury,0.6931471805599453,0.6931471805599453
15:35:00,Thursday,18-30,Male,Junior high school,Employee,Above 10yr,Private Vehicle,Owner,,No defect,Other,Two-way (divided with broken lines road marking),Tangent road with flat terrain,Y Shape,Asphalt roads,Wet or damp,Daylight,Normal,Vehicle with vehicle collision,2,1,Going straight,na,Moving Backward,Serious Injury,1.0986122886681096,0.6931471805599453
15:35:00,Thursday,18-30,Male,Junior high school,Employee,Below 1yr,Other,Governmental,Unknown,,Residential areas,Two-way (divided with broken lines road marking),Tangent road with flat terrain,Y Shape,Asphalt roads,Wet or damp,Daylight,Normal,Vehicle with vehicle collision,2,1,Going straight,3,Unsafe Lane Change,Serious Injury,1.0986122886681096,0.6931471805599453
9:10:00,Saturday,31-50,Male,Junior high school,Employee,Below 1yr,Private Vehicle,Owner,1-2yr,No defect,Other,Undivided Two way,Tangent road with flat terrain,Crossing,Asphalt roads,Wet or damp,Daylight,Normal,Vehicle with vehicle collision,2,2,Going straight,na,Reckless Driving,Slight Injury,1.0986122886681096,1.0986122886681096
9:10:00,Saturday,Over 51,Male,,Owner,,Private Vehicle,Owner,,No defect,Office areas,Undivided Two way,Tangent road with flat terrain,Crossing,Asphalt roads,Wet or damp,Daylight,Normal,Vehicle with vehicle collision,2,2,Going straight,3,No Distance,Slight Injury,1.0986122886681096,1.0986122886681096
17:10:00,Wednesday,Over 51,Male,Junior high school,Employee,2-5yr,Other,Owner,2-5yrs,No defect,Office areas,Undivided Two way,Tangent road with flat terrain,Y Shape,Asphalt roads,Wet or damp,Darkness - no lighting,Raining,Vehicle with vehicle collision,2,1,Going straight,3,Driving carelessly,Slight Injury,1.0986122886681096,0.6931471805599453
17:10:00,Wednesday,31-50,Male,,,,Private Vehicle,,,,Other,Undivided Two way,Tangent road with flat terrain,Y Shape,Asphalt roads,Wet or damp,Darkness - no lighting,Raining,Vehicle with vehicle collision,2,1,Going straight,na,No Distance,Slight Injury,1.0986122886681096,0.6931471805599453
16:35:00,Monday,31-50,Male,Elementary school,Employee,No Licence,Non-Motorized,Owner,Unknown,,Other,Two-way (divided with broken lines road marking),Tangent road with flat terrain,Y Shape,Gravel roads,Dry,Daylight,Normal,Vehicle with vehicle collision,2,2,Going straight,na,Unsafe Lane Change,Slight Injury,1.0986122886681096,1.0986122886681096
16:35:00,Monday,31-50,Male,Junior high school,Employee,Above 10yr,Private Vehicle,Owner,Above 10yr,,Other,Undivided Two way,Tangent road with flat terrain,Y Shape,Asphalt roads,Dry,Daylight,Normal,Vehicle with vehicle collision,2,2,Going straight,na,Priority Violation,Slight Injury,1.0986122886681096,1.0986122886681096
19:08:00,Wednesday,18-30,Male,Junior high school,Owner,Above 10yr,Other,Owner,,No defect,Office areas,Two-way (divided with broken lines road marking),Tangent road with flat terrain,Y Shape,Asphalt roads,Wet or damp,Darkness - lights lit,Raining,Collision with roadside objects,2,6,Going straight,3,No Distance,Slight Injury,1.0986122886681096,1.9459101490553132
19:08:00,Wednesday,31-50,Male,Junior high school,Employee,Above 10yr,Commercial Vehicle,Owner,Above 10yr,No defect,Office areas,Two-way (divided with broken lines road marking),Tangent road with flat terrain,Y Shape,Asphalt roads,Wet or damp,Darkness - lights lit,Raining,Collision with roadside objects,2,6,Going straight,na,No Distance,Slight Injury,1.0986122886681096,1.9459101490553132
19:08:00,Wednesday,31-50,Male,Junior high school,Employee,Above 10yr,Commercial Vehicle,Owner,,No defect,Other,Two-way (divided with broken lines road marking),Steep grade downward with mountainous terrain,Y Shape,Other,Wet or damp,Darkness - lights lit,Raining,Collision with roadside objects,2,6,Going straight,3,Unsafe Lane Change,Slight Injury,1.0986122886681096,1.9459101490553132
19:08:00,Wednesday,31-50,Male,Junior high school,Owner,5-10yr,Commercial Vehicle,Owner,Above 10yr,No defect, Church areas,other,Tangent road with flat terrain,Y Shape,Asphalt roads,Wet or damp,Darkness - lights lit,Raining,Vehicle with vehicle collision,2,6,Going straight,3,No Distance,Slight Injury,1.0986122886681096,1.9459101490553132
19:08:00,Wednesday,31-50,Male,Junior high school,Employee,Below 1yr,Private Vehicle,Governmental,,No defect, Industrial areas,Undivided Two way,Tangent road with flat terrain,Y Shape,Other,Wet or damp,Darkness - lights lit,Raining,Collision with pedestrians,2,6,Going straight,na,Unsafe Lane Change,Slight Injury,1.0986122886681096,1.9459101490553132
19:08:00,Wednesday,31-50,Male,Junior high school,Employee,2-5yr,Commercial Vehicle,Organization,2-5yrs,,Other,Undivided Two way,Tangent road with flat terrain,Y Shape,Asphalt roads,Wet or damp,Darkness - lights lit,Raining,Vehicle with vehicle collision,2,6,Going straight,2,No Distance,Slight Injury,1.0986122886681096,1.9459101490553132
19:08:00,Wednesday,31-50,Male,Junior high school,Employee,,Private Vehicle,Owner,5-10yrs,No defect,Other,Two-way (divided with broken lines road marking),Tangent road with flat terrain,Y Shape,Asphalt roads,Wet or damp,Darkness - lights lit,Raining,Collision with pedestrians,2,6,Going straight,3,No Distance,Slight Injury,1.0986122886681096,1.9459101490553132
8:50:00,Friday,18-30,Male,Above high school,Employee,1-2yr,Private Vehicle,Owner,1-2yr,,Office areas,Undivided Two way,Tangent road with mountainous terrain and,No junction,Asphalt roads,Wet or damp,Daylight,Normal,Vehicle with vehicle collision,2,1,Going straight,na,No Distance,Slight Injury,1.0986122886681096,0.6931471805599453
8:50:00,Friday,18-30,Male,Junior high school,Employee,1-2yr,Commercial Vehicle,Owner,Unknown,No defect,Other,One way,Tangent road with flat terrain,No junction,Asphalt roads,Wet or damp,Daylight,Normal,Collision with pedestrians,2,1,Reversing,3,Unsafe Lane Change,Slight Injury,1.0986122886681096,0.6931471805599453
14:10:00,Wednesday,18-30,Male,Junior high school,Employee,1-2yr,Public Transport,Owner,Unknown,No defect,  Recreational areas,Undivided Two way,Steep grade downward with mountainous terrain,Crossing,Asphalt roads,Wet or damp,Daylight,Other,Vehicle with vehicle collision,2,1,Going straight,na,Unsafe Lane Change,Slight Injury,1.0986122886681096,0.6931471805599453
14:10:00,Wednesday,Under 18,Unknown,Unknown,Employee,5-10yr,Private Vehicle,Governmental,Unknown,No defect,Other,Two-way (divided with broken lines road marking),Steep grade downward with mountainous terrain,Crossing,Asphalt roads,Wet or damp,Daylight,Other,Vehicle with vehicle collision,2,1,Going straight,na,Moving Backward,Slight Injury,1.0986122886681096,0.6931471805599453
16:52:00,Monday,31-50,Male,Junior high school,Employee,Above 10yr,Private Vehicle,Governmental,5-10yrs,No defect, Church areas,Two-way (divided with broken lines road marking),Tangent road with flat terrain,Y Shape,Asphalt roads,Wet or damp,Darkness - lights lit,Other,Vehicle with vehicle collision,2,1,Going straight,3,Unsafe Lane Change,Slight Injury,1.0986122886681096,0.6931471805599453
16:52:00,Monday,18-30,Male,Junior high school,Employee,Above 10yr,Private Vehicle,Owner,,,Residential areas,Undivided Two way,Tangent road with flat terrain,Y Shape,Asphalt roads,Wet or damp,Darkness - lights lit,Other,Vehicle with vehicle collision,2,1,Unknown,na,No Distance,Slight Injury,1.0986122886681096,0.6931471805599453
10:43:00,Saturday,18-30,Male,Junior high school,Employee,5-10yr,Commercial Vehicle,Owner,5-10yrs,No defect,Office areas,Two-way (divided with broken lines road marking),Tangent road with flat terrain,O Shape,Asphalt roads,Wet or damp,Daylight,Normal,Vehicle with vehicle collision,2,1,Going straight,3,Speeding,Slight Injury,1.0986122886681096,0.6931471805599453
10:43:00,Saturday,31-50,Male,Junior high school,Employee,2-5yr,Public Transport,Owner,2-5yrs,No defect,Other,Two-way (divided with broken lines road marking),Tangent road with flat terrain,O Shape,Asphalt roads,Wet or damp,Daylight,Normal,Vehicle with vehicle collision,2,1,Going straight,2,Other,Slight Injury,1.0986122886681096,0.6931471805599453
15:55:00,Friday,31-50,Male,Junior high school,Employee,Below 1yr,Commercial Vehicle,Governmental,2-5yrs,,Office areas,Undivided Two way,Tangent road with flat terrain,Y Shape,Asphalt roads,Wet or damp,Daylight,Normal,Vehicle with vehicle collision,1,1,Going straight,na,Other,Slight Injury,0.6931471805599453,0.6931471805599453
22:10:00,Tuesday,18-30,Male,Junior high school,Employee,1-2yr,Private Vehicle,Owner,,,Office areas,other,Tangent road with flat terrain,No junction,Asphalt roads,Dry,Darkness - lights lit,Normal,Vehicle with vehicle collision,3,2,Going straight,2,Unsafe Lane Change,Slight Injury,1.3862943611198906,1.0986122886681096
22:10:00,Tuesday,18-30,Male,Junior high school,Employee,5-10yr,Other,Owner,,No defect,Other,One way,Escarpments,No junction,Asphalt roads,Dry,Darkness - lights lit,Normal,Vehicle with vehicle collision,3,2,Going straight,3,Priority Violation,Slight Injury,1.3862943611198906,1.0986122886681096
22:10:00,Tuesday,18-30,Male,Junior high school,Employee,Below 1yr,Commercial Vehicle,Owner,,No defect,Residential areas,Undivided Two way,Tangent road with flat terrain,No junction,Asphalt roads,Dry,Darkness - lights lit,Normal,Vehicle with vehicle collision,3,2,Going straight,na,Priority Violation,Slight Injury,1.3862943611198906,1.0986122886681096
22:10:00,Tuesday,31-50,Male,Elementary school,Employee,5-10yr,Private Vehicle,Owner,,No defect,  Recreational areas,One way,Tangent road with flat terrain,No junction,Asphalt roads,Dry,Darkness - lights lit,Normal,Vehicle with vehicle collision,3,2,Unknown,3,Unsafe Lane Change,Slight Injury,1.3862943611198906,1.0986122886681096
17:20:00,Thursday,Over 51,Male,Junior high school,Employee,2-5yr,Commercial Vehicle,Owner,,No defect, Church areas,Undivided Two way,Tangent road with flat terrain,No junction,Asphalt roads,Snow,Darkness - lights lit,Fog or mist,Vehicle with vehicle collision,2,1,Moving Backward,na,Unsafe Lane Change,Slight Injury,1.0986122886681096,0.6931471805599453
17:20:00,Thursday,18-30,Male,Junior high school,Employee,5-10yr,Commercial Vehicle,Owner,,No defect,Other,One way,Tangent road with flat terrain,No junction,Asphalt roads,Snow,Darkness - lights lit,Fog or mist,Rollover,2,1,Going straight,3,Speeding,Slight Injury,1.0986122886681096,0.6931471805599453
10:17:00,Sunday,31-50,Male,Elementary school,Employee,5-10yr,Commercial Vehicle,Owner,,No defect,Other,Undivided Two way,Tangent road with flat terrain,No junction,Asphalt roads,Dry,Daylight,Normal,Collision with roadside objects,2,1,Turnover,na,No Distance,Slight Injury,1.0986122886681096,0.6931471805599453
10:17:00,Sunday,Over 51,Male,Junior high school,Employee,Above 10yr,Commercial Vehicle,Owner,Unknown,No defect,Other,Two-way (divided with broken lines road marking),Tangent road with flat terrain,No junction,Asphalt roads,Dry,Daylight,Normal,Vehicle with vehicle collision,2,1,Turnover,3,Priority Violation,Slight Injury,1.0986122886681096,0.6931471805599453
18:52:00,Tuesday,18-30,Male,Junior high school,Employee,1-2yr,Public Transport,Governmental,,No defect,Residential areas,other,Tangent road with flat terrain,No junction,Asphalt roads,Dry,Darkness - no lighting,Normal,Vehicle with vehicle collision,1,1,Reversing,3,Unsafe Lane Change,Slight Injury,0.6931471805599453,0.6931471805599453
9:45:00,Wednesday,18-30,Male,High school,Employee,Below 1yr,Public Transport,Owner,Above 10yr,No defect,School areas,other,Tangent road with flat terrain,Y Shape,Asphalt roads,Wet or damp,Daylight,Raining,Vehicle with vehicle collision,2,1,Reversing,na,Unsafe Lane Change,Slight Injury,1.0986122886681096,0.6931471805599453
9:45:00,Wednesday,31-50,Male,Elementary school,Employee,Above 10yr,Private Vehicle,Owner,Above 10yr,No defect, Church areas,Two-way (divided with broken lines road marking),Tangent road with flat terrain,Y Shape,Earth roads,Wet or damp,Daylight,Raining,Collision with pedestrians,2,1,Reversing,3,No Distance,Slight Injury,1.0986122886681096,0.6931471805599453
20:55:00,Monday,Under 18,Male,High school,Owner,1-2yr,Private Vehicle,Owner,Above 10yr,No defect,Other,other,Tangent road with flat terrain,Crossing,Asphalt roads,Dry,Darkness - lights lit,Normal,Collision with pedestrians,2,1,Moving Backward,3,Driving carelessly,Slight Injury,1.0986122886681096,0.6931471805599453
20:55:00,Monday,31-50,Male,Junior high school,Employee,2-5yr,Private Vehicle,Owner,Below 1yr,,Other,Two-way (divided with broken lines road marking),Tangent road with flat terrain,Crossing,Asphalt roads,Dry,Darkness - lights lit,Normal,Vehicle with vehicle collision,2,1,Going straight,3,Priority Violation,Slight Injury,1.0986122886681096,0.6931471805599453
9:30:00,Saturday,18-30,Male,,Employee,5-10yr,Other,Owner,2-5yrs,,Office areas,Undivided Two way,Tangent road with flat terrain,Other,Asphalt roads,Dry,Daylight,Normal,Vehicle with vehicle collision,3,3,Going straight,3,Driving carelessly,Slight Injury,1.3862943611198906,1.3862943611198906
9:30:00,Saturday,18-30,Male,High school,Owner,2-5yr,Public Transport,Owner,2-5yrs,,Office areas,Two-way (divided with broken lines road marking),Tangent road with flat terrain,Other,Asphalt roads,Dry,Daylight,Normal,Collision with pedestrians,3,3,Going straight,3,Moving Backward,Slight Injury,1.3862943611198906,1.3862943611198906
9:30:00,Saturday,18-30,Male,High school,Employee,Above 10yr,Private Vehicle,Owner,2-5yrs,No defect,Other,Undivided Two way,Tangent road with flat terrain,Other,Asphalt roads,Dry,Daylight,Normal,Collision with pedestrians,3,3,Going straight,3,No Distance,Slight Injury,1.3862943611198906,1.3862943611198906
9:20:00,Wednesday,31-50,Male,Junior high school,Employee,1-2yr,Private Vehicle,Owner,Below 1yr,No defect, Hospital areas,Undivided Two way,Tangent road with flat terrain,No junction,Asphalt roads,Dry,Daylight,Normal,Collision with pedestrians,2,2,Going straight,3,No Distance,Slight Injury,1.0986122886681096,1.0986122886681096
9:20:00,Wednesday,Over 51,Male,Elementary school,Employee,1-2yr,Private Vehicle,Owner,2-5yrs,,Other,Undivided Two way,Tangent road with flat terrain,No junction,Asphalt roads,Dry,Daylight,Normal,Vehicle with vehicle collision,2,2,Going straight,3,No Distance,Slight Injury,1.0986122886681096,1.0986122886681096
1:50:00,Friday,Under 18,Male,High school,Employee,1-2yr,Private Vehicle,Owner,,,Other,Two-way (divided with broken lines road marking),Tangent road with flat terrain,Crossing,Asphalt roads,Dry,Darkness - lights lit,Normal,Collision with roadside objects,2,1,Going straight,na,Unsafe Lane Change,Slight Injury,1.0986122886681096,0.6931471805599453
1:50:00,Friday,18-30,Male,Above high school,Employee,5-10yr,Private Vehicle,Owner,,,Other,Undivided Two way,Tangent road with flat terrain,Crossing,Asphalt roads,Dry,Darkness - lights lit,Normal,Vehicle with vehicle collision,2,1,Going straight,3,Unsafe Lane Change,Slight Injury,1.0986122886681096,0.6931471805599453
10:32:00,Wednesday,31-50,Male,,,,Private Vehicle,,,,Other,Double carriageway (median),Tangent road with flat terrain,No junction,Asphalt roads,Dry,Daylight,Normal,Vehicle with vehicle collision,1,1,Going straight,3,Moving Backward,Slight Injury,0.6931471805599453,0.6931471805599453
18:37:00,Thursday,Under 18,Male,Junior high school,Employee,5-10yr,Private Vehicle,Governmental,,No defect,Other,Two-way (divided with broken lines road marking),Tangent road with mild grade and flat terrain,Y Shape,Gravel roads,Wet or damp,Darkness - lights lit,Normal,Collision with roadside objects,1,1,Turnover,na,Unsafe Lane Change,Slight Injury,0.6931471805599453,0.6931471805599453
8:02:00,Tuesday,18-30,Male,Elementary school,Owner,5-10yr,Commercial Vehicle,Owner,Above 10yr,No defect, Hospital areas,Two-way (divided with broken lines road marking),Tangent road with flat terrain,Unknown,Asphalt roads,Dry,Daylight,Normal,Vehicle with vehicle collision,2,2,Going straight,2,Priority Violation,Slight Injury,1.0986122886681096,1.0986122886681096
8:02:00,Tuesday,31-50,Male,Elementary school,Employee,5-10yr,Special Vehicle,,Above 10yr,No defect,Other,Two-way (divided with broken lines road marking),Tangent road with flat terrain,Unknown,Earth roads,Dry,Daylight,Normal,Vehicle with vehicle collision,2,2,Moving Backward,na,Moving Backward,Slight Injury,1.0986122886681096,1.0986122886681096
8:02:00,Tuesday,31-50,Male,High school,Owner,5-10yr,Commercial Vehicle,Owner,,No defect,Other,One way,Tangent road with flat terrain,Unknown,Asphalt roads,Dry,Daylight,Normal,Vehicle with vehicle collision,2,2,Going straight,2,Driving carelessly,Slight Injury,1.0986122886681096,1.0986122886681096
6:14:00,Friday,Over 51,Male,Junior high school,Employee,5-10yr,Other,Owner,2-5yrs,No defect,Other,Two-way (divided with broken lines road marking),Tangent road with mild grade and flat terrain,Y Shape,Asphalt roads,Wet or damp,Darkness - lights lit,Normal,Vehicle with vehicle collision,2,1,Going straight,2,Driving carelessly,Slight Injury,1.0986122886681096,0.6931471805599453
6:14:00,Friday,31-50,Male,Junior high school,Owner,1-2yr,Private Vehicle,Owner,,,Office areas,Two-way (divided with broken lines road marking),Tangent road with flat terrain,Y Shape,Asphalt roads,Wet or damp,Darkness - lights lit,Normal,Collision with pedestrians,2,1,Moving Backward,na,DUI (Drugs/Alcohol),Slight Injury,1.0986122886681096,0.6931471805599453