Time,Day_of_week,Age_band_of_driver,Sex_of_driver,Educational_level,Vehicle_driver_relation,Driving_experience,Type_of_vehicle,Owner_of_vehicle,Service_year_of_vehicle,Defect_of_vehicle,Area_accident_occured,Lanes_or_Medians,Road_allignment,Types_of_Junction,Road_surface_type,Road_surface_conditions,Light_conditions,Weather_conditions,Type_of_collision,Number_of_vehicles_involved,Number_of_casualties,Vehicle_movement,Casualty_severity,Cause_of_accident,Accident_severity,Number_of_vehicles_involved_log,Number_of_casualties_log
15:44:00,Thursday,18-30,Male,Junior high school,Employee,Below 1yr,Other,Owner,Above 10yr,No defect,Office areas,Two-way (divided with broken lines road marking),Sharp reverse curve,Crossing,Asphalt roads,Dry,Daylight,Normal,Vehicle with vehicle collision,1,2,Going straight,3,Improper Parking/Exit,Slight Injury,0.6931471805599453,1.0986122886681096
18:26:00,Thursday,31-50,Male,Junior high school,Employee,5-10yr,Private Vehicle,Owner,Above 10yr,No defect, Church areas,Undivided Two way,Sharp reverse curve,No junction,Asphalt roads,Dry,Daylight,Normal,Vehicle with vehicle collision,2,1,Going straight,3,Other,Slight Injury,1.0986122886681096,0.6931471805599453
18:26:00,Thursday,18-30,Male,Junior high school,Owner,5-10yr,Private Vehicle,Owner,Above 10yr,No defect,Office areas,Undivided Two way,Gentle horizontal curve,No junction,Asphalt roads,Dry,Daylight,Normal,Vehicle with vehicle collision,2,1,Going straight,na,Other,Slight Injury,1.0986122886681096,0.6931471805599453
23:45:00,Thursday,31-50,Male,Elementary school,Employee,1-2yr,Private Vehicle,Owner,5-10yrs,No defect,Other,Double carriageway (median),Gentle horizontal curve,Crossing,Asphalt roads,Dry,Darkness - lights lit,Normal,Rollover,2,1,Going straight,na,No Distance,Slight Injury,1.0986122886681096,0.6931471805599453
23:45:00,Thursday,31-50,Male,Junior high school,Employee,,Commercial Vehicle,Owner,,,Other,Two-way (divided with broken lines road marking),Tangent road with flat terrain,Crossing,Asphalt roads,Dry,Darkness - lights lit,Normal,Vehicle with vehicle collision,2,1,Going straight,3,Priority Violation,Slight Injury,1.0986122886681096,0.6931471805599453
18:24:00,Friday,31-50,Male,Elementary school,Employee,Above 10yr,Commercial Vehicle,Owner,5-10yrs,No defect, Church areas,Unknown,Tangent road with mountainous terrain and,No junction,Asphalt roads with some distress,Dry,Daylight,Normal,Vehicle with vehicle collision,2,1,Going straight,3,Speeding,Slight Injury,1.0986122886681096,0.6931471805599453
18:24:00,Friday,Unknown,Male,Junior high school,Owner,1-2yr,Private Vehicle,Owner,1-2yr,,School areas,Undivided Two way,Tangent road with flat terrain,No junction,Asphalt roads,Dry,Daylight,Normal,Collision with roadside objects,2,1,Other,na,Priority Violation,Slight Injury,1.0986122886681096,0.6931471805599453
14:30:00,Monday,31-50,Male,,,,Private Vehicle,,,, Church areas,Two-way (divided with broken lines road marking),Tangent road with flat terrain,Crossing,Asphalt roads,Dry,Daylight,Normal,Vehicle with vehicle collision,2,1,Moving Backward,3,No Distance,Slight Injury,1.0986122886681096,0.6931471805599453
14:30:00,Monday,Unknown,Male,Junior high school,Employee,Above 10yr,Commercial Vehicle,Owner,Above 10yr,,Office areas,Undivided Two way,Tangent road with flat terrain,Crossing,Asphalt roads,Dry,Daylight,Normal,Vehicle with vehicle collision,2,1,Other,2,Unsafe Lane Change,Slight Injury,1.0986122886681096,0.6931471805599453
7:46:00,Friday,31-50,Male,Elementary school,Owner,2-5yr,Commercial Vehicle,Owner,2-5yrs,No defect,Other,other,Tangent road with flat terrain,Crossing,Asphalt roads,Dry,Daylight,Normal,Vehicle with vehicle collision,2,1,Going straight,3,Driving carelessly,Slight Injury,1.0986122886681096,0.6931471805599453
7:46:00,Friday,Unknown,Male,Junior high school,Employee,5-10yr,Commercial Vehicle,Owner,Above 10yr,, Church areas,Two-way (divided with broken lines road marking),Steep grade upward with mountainous terrain,Crossing,Gravel roads,Dry,Daylight,Normal,Collision with roadside objects,2,1,Going straight,3,Unsafe Lane Change,Slight Injury,1.0986122886681096,0.6931471805599453
9:47:00,Wednesday,31-50,Male,Junior high school,Employee,Below 1yr,Commercial Vehicle,Governmental,1-2yr,No defect,Other,Double carriageway (median),Tangent road with flat terrain,Crossing,Asphalt roads,Dry,Daylight,Normal,Collision with roadside objects,1,1,Going straight,3,Speeding,Serious Injury,0.6931471805599453,0.6931471805599453
8:12:00,Wednesday,31-50,Male,Junior high school,Employee,5-10yr,Commercial Vehicle,Governmental,Above 10yr,,Other,Double carriageway (median),Tangent road with flat terrain,No junction,Asphalt roads,Dry,Daylight,Normal,Vehicle with vehicle collision,1,1,Other,3,Other,Slight Injury,0.6931471805599453,0.6931471805599453
7:50:00,Wednesday,31-50,Male,High school,Employee,Above 10yr,Private Vehicle,Organization,5-10yrs,No defect,Office areas,Two-way (divided with broken lines road marking),Gentle horizontal curve,Crossing,Asphalt roads,Wet or damp,Daylight,Raining,Vehicle with vehicle collision,2,1,Going straight,na,Unsafe Lane Change,Slight Injury,1.0986122886681096,0.6931471805599453
7:50:00,Wednesday,18-30,Male,Junior high school,Employee,5-10yr,Other,Organization,Above 10yr,No defect,Other,Two-way (divided with broken lines road marking),Tangent road with flat terrain,Crossing,Asphalt roads,Wet or damp,Daylight,Raining,Collision with roadside objects,2,1,,na,Speeding,Slight Injury,1.0986122886681096,0.6931471805599453
21:00:00,Wednesday,31-50,Unknown,Elementary school,Employee,1-2yr,Private Vehicle,Owner,2-5yrs,No defect,Other,Two-way (divided with broken lines road marking),Tangent road with flat terrain,Y Shape,Asphalt roads,Dry,Darkness - lights lit,Normal,Collision with roadside objects,2,1,Going straight,3,Unknown,Slight Injury,1.0986122886681096,0.6931471805599453
21:00:00,Wednesday,Unknown,Female,Junior high school,Employee,,Private Vehicle,Governmental,,No defect,Residential areas,Two-way (divided with broken lines road marking),Tangent road with flat terrain,Y Shape,Asphalt roads,Dry,Darkness - lights lit,Normal,Vehicle with vehicle collision,2,1,Going straight,na,Unsafe Lane Change,Slight Injury,1.0986122886681096,0.6931471805599453
8:05:00,Thursday,31-50,Male,Above high school,Employee,1-2yr,Private Vehicle,Owner,Above 10yr,No defect,Residential areas,Two-way (divided with broken lines road marking),Tangent road with flat terrain,Crossing,Asphalt roads,Dry,Daylight,Normal,Collision with pedestrians,2,1,Going straight,3,No Distance,Slight Injury,1.0986122886681096,0.6931471805599453
8:05:00,Thursday,31-50,Male,Junior high school,Employee,Above 10yr,Public Transport,Owner,5-10yrs,No defect,Office areas,Undivided Two way,Tangent road with flat terrain,Crossing,Asphalt roads,Dry,Daylight,Normal,Vehicle with vehicle collision,2,1,Going straight,3,Other,Slight Injury,1.0986122886681096,0.6931471805599453
14:50:00,Thursday,18-30,Male,Junior high school,Employee,1-2yr,Commercial Vehicle,Owner,,No defect,  Recreational areas,other,Tangent road with flat terrain,Crossing,Asphalt roads,Dry,Daylight,Normal,Vehicle with vehicle collision,2,1,Moving Backward,3,Priority Violation,Slight Injury,1.0986122886681096,0.6931471805599453
14:50:00,Thursday,31-50,Male,Junior high school,Employee,5-10yr,Public Transport,Governmental,,No defect,Office areas,other,Tangent road with mild grade and flat terrain,Crossing,Earth roads,Dry,Daylight,Normal,Vehicle with vehicle collision,2,1,Moving Backward,2,Unsafe Lane Change,Slight Injury,1.0986122886681096,0.6931471805599453
12:26:00,Friday,18-30,Male,Junior high school,Employee,2-5yr,Private Vehicle,Owner,5-10yrs,No defect, Industrial areas,other,Tangent road with flat terrain,Y Shape,Asphalt roads,Dry,Daylight,Normal,Vehicle with vehicle collision,1,1,Going straight,3,Priority Violation,Slight Injury,0.6931471805599453,0.6931471805599453
15:15:00,Friday,31-50,Male,,,,Private Vehicle,,,,,Two-way (divided with broken lines road marking),Tangent road with flat terrain,No junction,,Dry,Daylight,Normal,Vehicle with vehicle collision,2,1,Going straight,3,Speeding,Slight Injury,1.0986122886681096,0.6931471805599453
15:15:00,Friday,18-30,Male,Junior high school,Employee,2-5yr,Private Vehicle,Owner,,No defect,Residential areas,Undivided Two way,Tangent road with flat terrain,No junction,,Dry,Daylight,Normal,Collision with roadside objects,2,1,Turnover,2,Driving carelessly,Slight Injury,1.0986122886681096,0.6931471805599453
20:50:00,Friday,Over 51,Male,Junior high school,Employee,2-5yr,Private Vehicle,Governmental,Above 10yr,No defect,Residential areas,other,Tangent road with flat terrain,Y Shape,Asphalt roads,Dry,Darkness - lights lit,Normal,Collision with roadside objects,1,1,Going straight,na,Priority Violation,Serious Injury,0.6931471805599453,0.6931471805599453
8:25:00,Saturday,31-50,Male,Junior high school,Employee,Above 10yr,Commercial Vehicle,Owner,1-2yr,No defect, Industrial areas,other,Tangent road with flat terrain,No junction,Earth roads,Dry,Daylight,Normal,Vehicle with vehicle collision,2,1,Going straight,3,Priority Violation,Serious Injury,1.0986122886681096,0.6931471805599453
8:25:00,Saturday,31-50,Male,Junior high school,Employee,1-2yr,Private Vehicle,Owner,2-5yrs,No defect,Residential areas,Undivided Two way,Tangent road with flat terrain,No junction,Asphalt roads,Dry,Daylight,Normal,Vehicle with vehicle collision,2,1,Going straight,na,Unsafe Lane Change,Serious Injury,1.0986122886681096,0.6931471805599453
16:30:00,Saturday,18-30,Male,Above high school,Owner,1-2yr,Public Transport,Owner,Unknown,No defect,Residential areas,other,Tangent road with flat terrain,Crossing,Asphalt roads,Dry,Daylight,Normal,Vehicle with vehicle collision,1,1,Going straight,3,Driving carelessly,Slight Injury,0.6931471805599453,0.6931471805599453
15:20:00,Sunday,31-50,Male,Above high school,Employee,No Licence,Private Vehicle,Owner,,No defect,Office areas,Undivided Two way,Tangent road with flat terrain,Y Shape,Earth roads,Dry,Daylight,Normal,Vehicle with vehicle collision,2,1,Going straight,na,Unsafe Lane Change,Slight Injury,1.0986122886681096,0.6931471805599453
15:20:00,Sunday,18-30,Male,Junior high school,Employee,1-2yr,Public Transport,Owner,2-5yrs,No defect,Office areas,Double carriageway (median),Escarpments,Y Shape,Asphalt roads,Dry,Daylight,Normal,Vehicle with vehicle collision,2,1,Going straight,3,Unsafe Lane Change,Slight Injury,1.0986122886681096,0.6931471805599453
20:40:00,Tuesday,31-50,Male,Junior high school,Employee,5-10yr,Commercial Vehicle,Owner,Above 10yr,No defect,Office areas,other,Tangent road with flat terrain,Crossing,Asphalt roads,Dry,Darkness - lights lit,Normal,Vehicle with vehicle collision,2,1,Going straight,2,Unsafe Lane Change,Slight Injury,1.0986122886681096,0.6931471805599453
20:40:00,Tuesday,Under 18,Male,Junior high school,Employee,Above 10yr,Private Vehicle,Owner,1-2yr,No defect,Office areas,Undivided Two way,Escarpments,Crossing,Asphalt roads,Dry,Darkness - lights lit,Normal,Vehicle with vehicle collision,2,1,Going straight,na,Reckless Driving,Slight Injury,1.0986122886681096,0.6931471805599453
13:42:00,Wednesday,Unknown,Male,Junior high school,Employee,Above 10yr,Commercial Vehicle,Owner,,No defect,Office areas,One way,Tangent road with flat terrain,Y Shape,Asphalt roads,Dry,Daylight,Normal,Vehicle with vehicle collision,1,1,,3,Driving carelessly,Slight Injury,0.6931471805599453,0.6931471805599453
10:23:00,Wednesday,31-50,Male,Junior high school,Owner,5-10yr,Public Transport,Owner,,No defect,Office areas,Undivided Two way,Tangent road with flat terrain,Y Shape,Asphalt roads,Dry,Daylight,Normal,Vehicle with vehicle collision,1,1,Other,3,No Distance,Serious Injury,0.6931471805599453,0.6931471805599453
18:15:00,Thursday,31-50,Male,Elementary school,Employee,2-5yr,Public Transport,Owner,,No defect,Office areas,other,Tangent road with flat terrain,Y Shape,Asphalt roads,Dry,Daylight,Normal,Vehicle with vehicle collision,2,1,Getting off,na,Driving carelessly,Slight Injury,1.0986122886681096,0.6931471805599453
18:15:00,Thursday,Unknown,Male,Junior high school,Employee,2-5yr,Private Vehicle,Owner,Above 10yr,No defect,Residential areas,other,Tangent road with flat terrain,Y Shape,Asphalt roads,Dry,Daylight,Normal,Other,2,1,Going straight,2,Unsafe Lane Change,Slight Injury,1.0986122886681096,0.6931471805599453
4:05:00,Saturday,31-50,Male,Junior high school,Employee,Below 1yr,Commercial Vehicle,Owner,5-10yrs,No defect,Residential areas,One way,Tangent road with flat terrain,No junction,Asphalt roads,Dry,Darkness - lights lit,Normal,Vehicle with vehicle collision,2,2,Going straight,3,Priority Violation,Slight Injury,1.0986122886681096,1.0986122886681096
4:05:00,Saturday,18-30,Male,Junior high school,Employee,2-5yr,Commercial Vehicle,Owner,,No defect,Other,One way,Tangent road with flat terrain,No junction,Asphalt roads,Dry,Darkness - lights lit,Normal,Collision with roadside objects,2,2,Going straight,3,Unsafe Lane Change,Slight Injury,1.0986122886681096,1.0986122886681096
13:45:00,Sunday,31-50,Male,Junior high school,Employee,2-5yr,Commercial Vehicle,Owner,5-10yrs,No defect, Church areas,Undivided Two way,Tangent road with flat terrain,Y Shape,Asphalt roads,Wet or damp,Daylight,Raining,Vehicle with vehicle collision,1,1,Other,na,No Distance,Slight Injury,0.6931471805599453,0.6931471805599453
7:42:00,Thursday,Over 51,Male,Elementary school,Employee,5-10yr,Commercial Vehicle,Owner,,No defect,  Recreational areas,other,Tangent road with flat terrain,Y Shape,Asphalt roads,Dry,Daylight,Normal,Vehicle with vehicle collision,2,1,Going straight,3,Moving Backward,Slight Injury,1.0986122886681096,0.6931471805599453
7:42:00,Thursday,18-30,Male,Junior high school,Employee,Above 10yr,Public Transport,Owner,,, Industrial areas,Undivided Two way,Tangent road with flat terrain,Y Shape,Asphalt roads,Dry,Daylight,Normal,Vehicle with vehicle collision,2,1,Moving Backward,na,Moving Backward,Slight Injury,1.0986122886681096,0.6931471805599453
23:19:00,Friday,18-30,Male,,,,Private Vehicle,,,,Residential areas,other,Tangent road with flat terrain,Y Shape,Asphalt roads with some distress,Dry,Darkness - lights lit,Normal,Vehicle with vehicle collision,2,1,Other,3,No Distance,Slight Injury,1.0986122886681096,0.6931471805599453
23:19:00,Friday,Unknown,Male,Junior high school,Employee,2-5yr,Public Transport,Owner,Above 10yr,No defect,Residential areas,other,Tangent road with rolling terrain,Y Shape,Asphalt roads,Dry,Darkness - lights lit,Normal,Vehicle with vehicle collision,2,1,Going straight,na,No Distance,Slight Injury,1.0986122886681096,0.6931471805599453
17:43:00,Friday,31-50,Male,Junior high school,Employee,5-10yr,Private Vehicle,Owner,2-5yrs,No defect,Office areas,Double carriageway (median),Tangent road with flat terrain,Crossing,Asphalt roads,Dry,Daylight,Normal,Vehicle with vehicle collision,2,2,Going straight,3,No Distance,Slight Injury,1.0986122886681096,1.0986122886681096
17:43:00,Friday,18-30,Male,Above high school,Employee,2-5yr,Private Vehicle,Owner,2-5yrs,No defect,  Market areas,Undivided Two way,Tangent road with flat terrain,Crossing,Asphalt roads,Dry,Daylight,Normal,Collision with roadside objects,2,2,Going straight,2,Priority Violation,Slight Injury,1.0986122886681096,1.0986122886681096
17:43:00,Friday,18-30,Male,,,,Private Vehicle,,,,Unknown,other,Tangent road with flat terrain,Crossing,Asphalt roads,Dry,Daylight,Normal,Collision with roadside objects,2,2,,na,Driving carelessly,Slight Injury,1.0986122886681096,1.0986122886681096
15:45:00,Thursday,18-30,Male,,Employee,1-2yr,Commercial Vehicle,Owner,,No defect, Industrial areas,other,Tangent road with flat terrain,No junction,Asphalt roads,Dry,Daylight,Normal,Vehicle with vehicle collision,2,1,Going straight,3,Unsafe Lane Change,Serious Injury,1.0986122886681096,0.6931471805599453
15:45:00,Thursday,Unknown,Male,Junior high school,Employee,2-5yr,Private Vehicle,Owner,,No defect,Residential areas,Two-way (divided with solid lines road marking),Tangent road with flat terrain,No junction,Asphalt roads,Dry,Daylight,Normal,Collision with roadside objects,2,1,Going straight,3,Unsafe Lane Change,Serious Injury,1.0986122886681096,0.6931471805599453
19:30:00,Saturday,18-30,Male,Junior high school,Employee,Above 10yr,Private Vehicle,Governmental,Below 1yr,No defect,Residential areas,Undivided Two way,Tangent road with flat terrain,No junction,Asphalt roads,Dry,Daylight,Normal,Collision with roadside objects,2,1,Going straight,3,Driving carelessly,Slight Injury,1.0986122886681096,0.6931471805599453
19:30:00,Saturday,Unknown,Male,Junior high school,Employee,Below 1yr,Commercial Vehicle,Owner,5-10yrs,No defect,Other,Undivided Two way,Tangent road with flat terrain,No junction,Asphalt roads,Dry,Daylight,Normal,Vehicle with vehicle collision,2,1,Going straight,na,Driving carelessly,Slight Injury,1.0986122886681096,0.6931471805599453
18:30:00,Saturday,Unknown,Unknown,Junior high school,Employee,2-5yr,Private Vehicle,Governmental,,No defect,Residential areas,other,Tangent road with flat terrain,Y Shape,Asphalt roads,Dry,Daylight,Normal,Vehicle with vehicle collision,2,1,Going straight,na,No Distance,Slight Injury,1.0986122886681096,0.6931471805599453
18:30:00,Saturday,18-30,Male,Junior high school,Employee,Below 1yr,Private Vehicle,Owner,1-2yr,No defect,Rural village areas,Undivided Two way,Gentle horizontal curve,Y Shape,Asphalt roads,Dry,Daylight,Normal,Collision with roadside objects,2,1,Going straight,3,Other,Slight Injury,1.0986122886681096,0.6931471805599453
15:20:00,Wednesday,31-50,Male,High school,Employee,5-10yr,Private Vehicle,Owner,2-5yrs,No defect,Rural village areas,Undivided Two way,Gentle horizontal curve,Y Shape,Asphalt roads,Dry,Daylight,Normal,Vehicle with vehicle collision,1,1,Going straight,na,Unsafe Lane Change,Slight Injury,0.6931471805599453,0.6931471805599453
13:35:00,Wednesday,18-30,Male,Above high school,Employee,1-2yr,Public Transport,Owner,,No defect,Office areas,Double carriageway (median),Tangent road with flat terrain,Y Shape,Asphalt roads,Dry,Daylight,Normal,Vehicle with vehicle collision,2,1,Going straight,3,Unsafe Lane Change,Slight Injury,1.0986122886681096,0.6931471805599453
13:35:00,Wednesday,18-30,Male,Junior high school,Employee,Below 1yr,Private Vehicle,Owner,2-5yrs,No defect,Residential areas,Undivided Two way,Gentle horizontal curve,Y Shape,Asphalt roads,Dry,Daylight,Normal,Vehicle with vehicle collision,2,1,Going straight,na,No Distance,Slight Injury,1.0986122886681096,0.6931471805599453
19:32:00,Tuesday,18-30,Male,,,,Private Vehicle,Owner,,,Residential areas,other,Tangent road with flat terrain,Y Shape,Asphalt roads,Dry,Darkness - lights lit,Normal,Vehicle with vehicle collision,2,1,Going straight,3,No Distance,Slight Injury,1.0986122886681096,0.6931471805599453
19:32:00,Tuesday,18-30,Male,High school,Employee,Below 1yr,Private Vehicle,Owner,,7, Outside rural areas,other,Tangent road with flat terrain,Y Shape,Asphalt roads,Dry,Darkness - lights lit,Normal,Vehicle with vehicle collision,2,1,Going straight,3,Reckless Driving,Slight Injury,1.0986122886681096,0.6931471805599453
22:45:00,Wednesday,31-50,Male,High school,Employee,Below 1yr,Commercial Vehicle,Owner,Above 10yr,,Residential areas,other,Tangent road with flat terrain,Y Shape,Asphalt roads,Dry,Darkness - lights lit,Normal,Vehicle with vehicle collision,2,1,,na,Speeding,Slight Injury,1.0986122886681096,0.6931471805599453
22:45:00,Wednesday,Unknown,Male,,,,Private Vehicle,Owner,5-10yrs,5, Church areas,other,Tangent road with flat terrain,Y Shape,Asphalt roads,Dry,Darkness - lights lit,Normal,Collision with pedestrians,2,1,Going straight,3,Priority Violation,Slight Injury,1.0986122886681096,0.6931471805599453
15:15:00,Monday,Under 18,Male,High school,Employee,2-5yr,Private Vehicle,Owner,,No defect,Office areas,Undivided Two way,Tangent road with flat terrain,Y Shape,Asphalt roads,Dry,Daylight,Normal,Vehicle with vehicle collision,2,1,Going straight,3,Priority Violation,Slight Injury,1.0986122886681096,0.6931471805599453
15:15:00,Monday,Unknown,Unknown,Junior high school,Employee,Above 10yr,Public Transport,Owner,Unknown,No defect,Office areas,Two-way (divided with broken lines road marking),Tangent road with mountainous terrain and,Y Shape,Asphalt roads,Dry,Daylight,Normal,Collision with roadside objects,2,1,Going straight,3,Priority Violation,Slight Injury,1.0986122886681096,0.6931471805599453
14:55:00,Tuesday,31-50,Male,Junior high school,Employee,Above 10yr,Public Transport,Governmental,,No defect,Office areas,Two-way (divided with broken lines road marking),Escarpments,Crossing,Gravel roads,Dry,Daylight,Normal,Vehicle with vehicle collision,2,1,Going straight,na,Other,Slight Injury,1.0986122886681096,0.6931471805599453
14:55:00,Tuesday,Unknown,Male,Junior high school,Employee,5-10yr,Commercial Vehicle,Owner,2-5yrs,,Other,Undivided Two way,Tangent road with mountainous terrain and,Crossing,Asphalt roads,Dry,Daylight,Normal,Vehicle with vehicle collision,2,1,Turnover,3,Other,Slight Injury,1.0986122886681096,0.6931471805599453
7:40:00,Sunday,Over 51,Male,Junior high school,Employee,1-2yr,Private Vehicle,Owner,2-5yrs,,Other,Undivided Two way,Tangent road with flat terrain,Y Shape,Asphalt roads,Dry,Daylight,Normal,Vehicle with vehicle collision,2,1,Moving Backward,3,Moving Backward,Slight Injury,1.0986122886681096,0.6931471805599453
7:40:00,Sunday,31-50,Male,Unknown,Employee,Below 1yr,Non-Motorized,Owner,Unknown,No defect,Residential areas,Two-way (divided with broken lines road marking),Tangent road with flat terrain,Y Shape,Asphalt roads,Dry,Daylight,Normal,Vehicle with vehicle collision,2,1,Going straight,3,No Distance,Slight Injury,1.0986122886681096,0.6931471805599453
10:49:00,Sunday,Unknown,Male,Junior high school,Employee,Below 1yr,Private Vehicle,Owner,,,Other,Two-way (divided with broken lines road marking),Tangent road with flat terrain,Y Shape,Asphalt roads,Dry,Daylight,Normal,Vehicle with vehicle collision,2,1,Going straight,3,Moving Backward,Slight Injury,1.0986122886681096,0.6931471805599453
10:49:00,Sunday,31-50,Male,High school,Employee,2-5yr,Private Vehicle,Owner,Below 1yr,,Other,Undivided Two way,Tangent road with mild grade and flat terrain,Y Shape,Asphalt roads,Dry,Daylight,Normal,Vehicle with vehicle collision,2,1,Moving Backward,3,Priority Violation,Slight Injury,1.0986122886681096,0.6931471805599453
5:57:00,Friday,31-50,Male,Junior high school,Owner,1-2yr,Private Vehicle,Owner,5-10yrs,,Other,Two-way (divided with broken lines road marking),Tangent road with flat terrain,Crossing,Asphalt roads,Wet or damp,Darkness - lights lit,Raining,Vehicle with vehicle collision,2,3,Going straight,na,Driving carelessly,Slight Injury,1.0986122886681096,1.3862943611198906
5:57:00,Friday,31-50,Male,Junior high school,Employee,5-10yr,Other,Governmental,5-10yrs,No defect,Other,Undivided Two way,Tangent road with flat terrain,Crossing,Asphalt roads,Wet or damp,Darkness - lights lit,Raining,Vehicle with vehicle collision,2,3,Moving Backward,3,No Distance,Slight Injury,1.0986122886681096,1.3862943611198906
5:57:00,Friday,31-50,Male,Elementary school,Employee,2-5yr,Public Transport,Owner,2-5yrs,No defect,Other,Double carriageway (median),Tangent road with mild grade and flat terrain,Crossing,Asphalt roads,Wet or damp,Darkness - lights lit,Raining,Vehicle with vehicle collision,2,3,Going straight,na,Other,Slight Injury,1.0986122886681096,1.3862943611198906
5:57:00,Friday,Unknown,Male,Elementary school,Owner,5-10yr,Private Vehicle,Owner,,No defect,Other,Two-way (divided with broken lines road marking),Tangent road with flat terrain,Crossing,Asphalt roads,Wet or damp,Darkness - lights lit,Raining,Collision with roadside objects,2,3,Going straight,na,Unsafe Lane Change,Slight Injury,1.0986122886681096,1.3862943611198906
7:59:00,Friday,31-50,Male,Junior high school,Employee,Above 10yr,Private Vehicle,Owner,2-5yrs,, Church areas,Two-way (divided with broken lines road marking),Tangent road with flat terrain,Y Shape,Asphalt roads,Dry,Daylight,Normal,Vehicle with vehicle collision,2,1,Going straight,3,No Distance,Slight Injury,1.0986122886681096,0.6931471805599453
7:59:00,Friday,Unknown,Male,Junior high school,Employee,5-10yr,Private Vehicle,Owner,5-10yrs,,Other,Undivided Two way,Tangent road with flat terrain,Y Shape,Asphalt roads,Dry,Daylight,Normal,Collision with roadside objects,2,1,Other,na,Driving carelessly,Slight Injury,1.0986122886681096,0.6931471805599453
21:44:00,Sunday,18-30,Male,High school,Employee,5-10yr,Public Transport,Organization,2-5yrs,, Industrial areas,Two-way (divided with broken lines road marking),Tangent road with flat terrain,No junction,Asphalt roads,Dry,Darkness - lights lit,Normal,Vehicle with vehicle collision,2,1,Other,3,No Distance,Slight Injury,1.0986122886681096,0.6931471805599453
21:44:00,Sunday,18-30,Male,Junior high school,Employee,5-10yr,Private Vehicle,Owner,,No defect,Residential areas,Double carriageway (median),Tangent road with flat terrain,No junction,Asphalt roads,Dry,Darkness - lights lit,Normal,Vehicle with vehicle collision,2,1,Going straight,2,Priority Violation,Slight Injury,1.0986122886681096,0.6931471805599453
17:40:00,Saturday,18-30,Male,Junior high school,Employee,Above 10yr,Private Vehicle,Governmental,Above 10yr,No defect,Other,Two-way (divided with broken lines road marking),Tangent road with flat terrain,No junction,Asphalt roads,Dry,Daylight,Normal,,2,2,Reversing,na,Unsafe Lane Change,Slight Injury,1.0986122886681096,1.0986122886681096
17:40:00,Saturday,31-50,Male,Junior high school,,1-2yr,Commercial Vehicle,Owner,,No defect,Office areas,Two-way (divided with broken lines road marking),Tangent road with flat terrain,No junction,Gravel roads,Dry,Daylight,Normal,Collision with pedestrians,2,2,Going straight,3,Priority Violation,Slight Injury,1.0986122886681096,1.0986122886681096
17:40:00,Saturday,31-50,Male,Junior high school,Employee,2-5yr,Private Vehicle,Owner,,No defect, Industrial areas,Unknown,Tangent road with flat terrain,No junction,Asphalt roads,Dry,Daylight,Normal,Vehicle with vehicle collision,2,2,Going straight,na,Priority Violation,Slight Injury,1.0986122886681096,1.0986122886681096
17:35:00,Sunday,31-50,Unknown,Junior high school,Employee,1-2yr,Public Transport,Owner,1-2yr,No defect, Industrial areas,Double carriageway (median),Tangent road with flat terrain,Crossing,Asphalt roads,Dry,Daylight,Normal,Vehicle with vehicle collision,1,1,Going straight,3,Unsafe Lane Change,Serious Injury,0.6931471805599453,0.6931471805599453
18:10:00,Thursday,31-50,Male,,,,Private Vehicle,Owner,,No defect,Other,Two-way (divided with broken lines road marking),Tangent road with flat terrain,Y Shape,Asphalt roads,Dry,Daylight,Normal,Vehicle with vehicle collision,2,1,Going straight,na,Unsafe Lane Change,Slight Injury,1.0986122886681096,0.6931471805599453
18:10:00,Thursday,Unknown,Male,Elementary school,Employee,5-10yr,Public Transport,Organization,Above 10yr,, Hospital areas,Two-way (divided with broken lines road marking),Tangent road with flat terrain,Y Shape,Asphalt roads,Dry,Daylight,Normal,Collision with pedestrians,2,1,Moving Backward,3,Unsafe Lane Change,Slight Injury,1.0986122886681096,0.6931471805599453
10:15:00,Thursday,31-50,Male,Junior high school,Employee,5-10yr,Public Transport,Owner,Unknown,,Office areas,One way,Tangent road with flat terrain,Crossing,Earth roads,Dry,Daylight,Normal,Collision with roadside objects,2,1,Going straight,3,Driving carelessly,Slight Injury,1.0986122886681096,0.6931471805599453
10:15:00,Thursday,18-30,Male,Junior high school,Employee,Above 10yr,Private Vehicle,Owner,2-5yrs,No defect, Church areas,Undivided Two way,Tangent road with flat terrain,Crossing,Asphalt roads,Dry,Daylight,Normal,,2,1,Going straight,3,Unsafe Lane Change,Slight Injury,1.0986122886681096,0.6931471805599453
17:25:00,Monday,18-30,Male,Junior high school,Employee,2-5yr,Private Vehicle,Organization,5-10yrs,No defect, Hospital areas,Undivided Two way,Tangent road with mountainous terrain and,Y Shape,Asphalt roads,Dry,Daylight,Normal,Vehicle with vehicle collision,2,1,Going straight,na,Driving carelessly,Slight Injury,1.0986122886681096,0.6931471805599453
17:25:00,Monday,31-50,Male,Junior high school,Owner,Above 10yr,Public Transport,Owner,Above 10yr,No defect,Office areas,other,Tangent road with flat terrain,Y Shape,,Dry,Daylight,Normal,,2,1,Going straight,na,Priority Violation,Slight Injury,1.0986122886681096,0.6931471805599453
9:00:00,Sunday,31-50,Male,Junior high school,Employee,2-5yr,Commercial Vehicle,Owner,2-5yrs,No defect,Other,Two-way (divided with broken lines road marking),Escarpments,Y Shape,Gravel roads,Dry,Daylight,Normal,,2,1,Going straight,1,Driving carelessly,Slight Injury,1.0986122886681096,0.6931471805599453
9:00:00,Sunday,Unknown,Female,Elementary school,Other,5-10yr,Public Transport,Owner,1-2yr,,Office areas,Undivided Two way,Tangent road with flat terrain,Y Shape,Asphalt roads,Dry,Daylight,Normal,,2,1,Moving Backward,3,Unsafe Lane Change,Slight Injury,1.0986122886681096,0.6931471805599453