Time,Day_of_week,Age_band_of_driver,Sex_of_driver,Educational_level,Vehicle_driver_relation,Driving_experience,Type_of_vehicle,Owner_of_vehicle,Service_year_of_vehicle,Defect_of_vehicle,Area_accident_occured,Lanes_or_Medians,Road_allignment,Types_of_Junction,Road_surface_type,Road_surface_conditions,Light_conditions,Weather_conditions,Type_of_collision,Number_of_vehicles_involved,Number_of_casualties,Vehicle_movement,Casualty_severity,Cause_of_accident,Accident_severity,Number_of_vehicles_involved_log,Number_of_casualties_log
15:55:00,Monday,31-50,Male,Junior high school,Employee,2-5yr,Commercial Vehicle,Owner,2-5yrs,,Office areas,Double carriageway (median),Tangent road with flat terrain,Other,Asphalt roads,Dry,Daylight,Normal,Vehicle with vehicle collision,2,1,Reversing,na,Other,Slight Injury,1.0986122886681096,0.6931471805599453
13:15:00,Friday,Over 51,Male,Junior high school,Employee,Below 1yr,Private Vehicle,Owner,5-10yrs,,Office areas,Undivided Two way,Tangent road with mountainous terrain and,Y Shape,Asphalt roads,Dry,Daylight,Normal,Vehicle with vehicle collision,2,2,,2,Priority Violation,Serious Injury,1.0986122886681096,1.0986122886681096
13:15:00,Friday,Over 51,Male,Junior high school,Employee,Above 10yr,Public Transport,,,,Office areas,other,Tangent road with flat terrain,Y Shape,Asphalt roads,Dry,Daylight,Normal,Vehicle with vehicle collision,2,2,Going straight,3,Priority Violation,Serious Injury,1.0986122886681096,1.0986122886681096
13:15:00,Friday,Over 51,Male,Junior high school,Employee,1-2yr,Commercial Vehicle,Owner,5-10yrs,No defect,Other,Two-way (divided with broken lines road marking),Tangent road with mild grade and flat terrain,Y Shape,Asphalt roads,Dry,Daylight,Normal,Vehicle with vehicle collision,2,2,Reversing,na,Unsafe Lane Change,Serious Injury,1.0986122886681096,1.0986122886681096
12:30:00,Friday,18-30,Male,Above high school,Employee,5-10yr,Public Transport,Owner,,No defect, Church areas,Undivided Two way,Tangent road with flat terrain,No junction,Asphalt roads,Dry,Daylight,Normal,Collision with roadside objects,1,1,Other,na,Unsafe Lane Change,Slight Injury,0.6931471805599453,0.6931471805599453
14:10:00,Wednesday,18-30,Male,Junior high school,Employee,5-10yr,Private Vehicle,Owner,Unknown,No defect, Industrial areas,Undivided Two way,Tangent road with flat terrain,Y Shape,Asphalt roads,Dry,Daylight,Normal,Collision with roadside objects,2,1,Going straight,3,Unsafe Lane Change,Slight Injury,1.0986122886681096,0.6931471805599453
14:10:00,Wednesday,Over 51,Male,Elementary school,Owner,Below 1yr,Private Vehicle,Owner,1-2yr,No defect,Office areas,Double carriageway (median),Tangent road with flat terrain,Y Shape,Asphalt roads,Dry,Daylight,Normal,Collision with pedestrians,2,1,Going straight,3,Unsafe Lane Change,Slight Injury,1.0986122886681096,0.6931471805599453
10:34:00,Monday,31-50,Male,,,,Private Vehicle,Owner,Unknown,No defect, Church areas,Undivided Two way,Tangent road with flat terrain,Crossing,Asphalt roads,Dry,Daylight,Normal,Vehicle with vehicle collision,1,1,Going straight,na,Unsafe Lane Change,Slight Injury,0.6931471805599453,0.6931471805599453
12:45:00,Wednesday,Under 18,Male,Junior high school,Employee,Above 10yr,Private Vehicle,Owner,,,Office areas,Undivided Two way,Tangent road with flat terrain,No junction,Asphalt roads,Dry,Daylight,Normal,Vehicle with vehicle collision,1,1,Moving Backward,3,Moving Backward,Slight Injury,0.6931471805599453,0.6931471805599453
8:20:00,Sunday,18-30,Male,Junior high school,,,Commercial Vehicle,Owner,,No defect,Office areas,other,Tangent road with flat terrain,Y Shape,Asphalt roads,Wet or damp,Daylight,Raining,Vehicle with vehicle collision,1,1,Going straight,na,Speeding,Serious Injury,0.6931471805599453,0.6931471805599453
17:44:00,Saturday,Unknown,Male,Junior high school,Employee,1-2yr,Private Vehicle,Owner,,,Residential areas,Two-way (divided with broken lines road marking),Tangent road with flat terrain,Y Shape,,Dry,Daylight,Normal,Vehicle with vehicle collision,2,1,Going straight,na,Moving Backward,Slight Injury,1.0986122886681096,0.6931471805599453
17:44:00,Saturday,31-50,Male,Junior high school,Owner,2-5yr,Public Transport,Owner,5-10yrs,,Office areas,Two-way (divided with broken lines road marking),Tangent road with flat terrain,Y Shape,Asphalt roads,Dry,Daylight,Normal,Vehicle with vehicle collision,2,1,Going straight,3,No Distance,Slight Injury,1.0986122886681096,0.6931471805599453
12:00:00,Saturday,18-30,Male,,Employee,unknown,Private Vehicle,Owner,5-10yrs,,Residential areas,Undivided Two way,Tangent road with flat terrain,Crossing,Asphalt roads,Dry,Daylight,Normal,Vehicle with vehicle collision,2,2,Going straight,3,Other,Slight Injury,1.0986122886681096,1.0986122886681096
12:00:00,Saturday,Over 51,Male,Junior high school,Employee,Above 10yr,Public Transport,Owner,2-5yrs,,Office areas,Double carriageway (median),Tangent road with flat terrain,Crossing,Asphalt roads,Dry,Daylight,Normal,Vehicle with vehicle collision,2,2,Other,na,Priority Violation,Slight Injury,1.0986122886681096,1.0986122886681096
12:00:00,Saturday,Over 51,Male,Junior high school,Owner,2-5yr,Commercial Vehicle,Owner,2-5yrs,No defect,Office areas,Double carriageway (median),Tangent road with flat terrain,Crossing,Asphalt roads,Dry,Daylight,Normal,Vehicle with vehicle collision,2,2,,na,Unsafe Lane Change,Slight Injury,1.0986122886681096,1.0986122886681096
14:51:00,Friday,Over 51,Male,Junior high school,Employee,5-10yr,Private Vehicle,,,No defect,Other,Two-way (divided with broken lines road marking),Tangent road with flat terrain,Y Shape,Asphalt roads,Dry,Daylight,Normal,Vehicle with vehicle collision,2,2,Going straight,3,Other,Slight Injury,1.0986122886681096,1.0986122886681096
14:51:00,Friday,Under 18,Male,Junior high school,Employee,2-5yr,Commercial Vehicle,Owner,Unknown,No defect,Other,Two-way (divided with broken lines road marking),Tangent road with flat terrain,Y Shape,Asphalt roads,Dry,Daylight,Normal,Collision with pedestrians,2,2,Turnover,3,No Distance,Slight Injury,1.0986122886681096,1.0986122886681096
13:30:00,Friday,18-30,Male,Junior high school,Employee,1-2yr,Public Transport,Owner,Above 10yr,No defect,Residential areas,Two-way (divided with broken lines road marking),Tangent road with flat terrain,No junction,Asphalt roads,Dry,Daylight,Normal,Collision with pedestrians,2,1,Going straight,na,Driving carelessly,Slight Injury,1.0986122886681096,0.6931471805599453
13:30:00,Friday,Unknown,Male,Junior high school,Employee,5-10yr,Public Transport,Owner,Unknown,, Church areas,Two-way (divided with broken lines road marking),Tangent road with flat terrain,No junction,Asphalt roads,Dry,Daylight,Normal,Vehicle with vehicle collision,2,1,Moving Backward,3,No Distance,Slight Injury,1.0986122886681096,0.6931471805599453
19:57:00,Saturday,Over 51,Male,Junior high school,Employee,2-5yr,Private Vehicle,Governmental,Unknown,No defect, Church areas,Double carriageway (median),Tangent road with flat terrain,Crossing,Asphalt roads,Dry,Darkness - lights lit,Normal,Vehicle with vehicle collision,1,1,Moving Backward,3,Moving Backward,Slight Injury,0.6931471805599453,0.6931471805599453
19:02:00,Tuesday,18-30,Male,Elementary school,Employee,5-10yr,Commercial Vehicle,Owner,2-5yrs,No defect,Residential areas,Double carriageway (median),Tangent road with flat terrain,Other,Asphalt roads,Dry,Daylight,Normal,Vehicle with vehicle collision,2,2,Going straight,3,No Distance,Serious Injury,1.0986122886681096,1.0986122886681096
19:02:00,Tuesday,18-30,Male,Above high school,Owner,5-10yr,Commercial Vehicle,Owner,,No defect,Office areas,Two-way (divided with broken lines road marking),Tangent road with mild grade and flat terrain,Other,Asphalt roads,Dry,Daylight,Normal,Vehicle with vehicle collision,2,2,Other,3,Moving Backward,Serious Injury,1.0986122886681096,1.0986122886681096
21:06:00,Friday,31-50,Male,Junior high school,Employee,2-5yr,Commercial Vehicle,Owner,5-10yrs,No defect,Office areas,Two-way (divided with broken lines road marking),Tangent road with mild grade and flat terrain,Y Shape,Asphalt roads,Dry,Darkness - lights lit,Normal,Vehicle with vehicle collision,2,1,Going straight,na,Priority Violation,Slight Injury,1.0986122886681096,0.6931471805599453
21:06:00,Friday,18-30,Male,Junior high school,Employee,2-5yr,Commercial Vehicle,Owner,2-5yrs,,Residential areas,Two-way (divided with broken lines road marking),Tangent road with flat terrain,Y Shape,Asphalt roads,Dry,Darkness - lights lit,Normal,Vehicle with vehicle collision,2,1,Going straight,3,Unsafe Lane Change,Slight Injury,1.0986122886681096,0.6931471805599453
6:02:00,Sunday,18-30,Male,Junior high school,Employee,2-5yr,Public Transport,Owner,5-10yrs,, Church areas,other,Tangent road with flat terrain,No junction,Asphalt roads,Wet or damp,Daylight,Raining,Vehicle with vehicle collision,1,1,Going straight,3,No Distance,Slight Injury,0.6931471805599453,0.6931471805599453
12:20:00,Saturday,18-30,Male,Junior high school,Employee,5-10yr,Private Vehicle,Owner,,,Other,Two-way (divided with broken lines road marking),Tangent road with flat terrain,Crossing,Asphalt roads,Dry,Daylight,Normal,Vehicle with vehicle collision,2,2,Going straight,3,Other,Slight Injury,1.0986122886681096,1.0986122886681096
12:20:00,Saturday,18-30,Male,Junior high school,Employee,1-2yr,Public Transport,Owner,,,Office areas,Two-way (divided with broken lines road marking),Tangent road with flat terrain,Crossing,Asphalt roads,Dry,Daylight,Normal,Vehicle with vehicle collision,2,2,Going straight,na,No Distance,Slight Injury,1.0986122886681096,1.0986122886681096
16:40:00,Tuesday,31-50,Male,Junior high school,Owner,2-5yr,Private Vehicle,Owner,,,Other,Two-way (divided with broken lines road marking),Tangent road with flat terrain,Y Shape,Asphalt roads,Dry,Daylight,Normal,Vehicle with vehicle collision,1,1,Going straight,3,Priority Violation,Slight Injury,0.6931471805599453,0.6931471805599453
12:25:00,Tuesday,Unknown,Female,High school,Owner,2-5yr,Private Vehicle,Owner,,,Other,Two-way (divided with broken lines road marking),Tangent road with flat terrain,No junction,Asphalt roads,Dry,Daylight,Normal,Vehicle with vehicle collision,2,1,Going straight,3,Moving Backward,Slight Injury,1.0986122886681096,0.6931471805599453
12:25:00,Tuesday,Over 51,Male,,Employee,,Private Vehicle,Owner,,,,Two-way (divided with broken lines road marking),Tangent road with flat terrain,No junction,Asphalt roads,Dry,Daylight,Normal,Vehicle with vehicle collision,2,1,Going straight,na,Priority Violation,Slight Injury,1.0986122886681096,0.6931471805599453
12:00:00,Monday,Unknown,Male,Junior high school,Owner,1-2yr,Commercial Vehicle,Governmental,2-5yrs,,Residential areas,Two-way (divided with broken lines road marking),Tangent road with flat terrain,Y Shape,Asphalt roads,Dry,Daylight,Unknown,Vehicle with vehicle collision,2,1,Other,3,No Distance,Slight Injury,1.0986122886681096,0.6931471805599453
12:00:00,Monday,Unknown,Male,Junior high school,,Below 1yr,Private Vehicle,Owner,Below 1yr,, Church areas,Undivided Two way,Tangent road with flat terrain,Y Shape,Asphalt roads,Dry,Daylight,Unknown,Vehicle with vehicle collision,2,1,Going straight,na,Priority Violation,Slight Injury,1.0986122886681096,0.6931471805599453
6:54:00,Sunday,Unknown,Male,High school,Employee,1-2yr,Private Vehicle,,,,Other,Undivided Two way,Tangent road with flat terrain,No junction,Asphalt roads,Wet or damp,Daylight,Raining,Vehicle with vehicle collision,2,1,Overtaking,3,Driving carelessly,Slight Injury,1.0986122886681096,0.6931471805599453
6:54:00,Sunday,31-50,Male,Above high school,Employee,1-2yr,Commercial Vehicle,Owner,Unknown,,Other,One way,Tangent road with flat terrain,No junction,Asphalt roads,Wet or damp,Daylight,Raining,Vehicle with vehicle collision,2,1,Going straight,na,Improper Parking/Exit,Slight Injury,1.0986122886681096,0.6931471805599453
21:45:00,Tuesday,31-50,Male,Junior high school,Employee,Above 10yr,Private Vehicle,Owner,Unknown,No defect,Residential areas,Two-way (divided with broken lines road marking),Tangent road with flat terrain,Crossing,Asphalt roads,Dry,Darkness - lights lit,Normal,Vehicle with vehicle collision,2,1,Going straight,2,Driving carelessly,Slight Injury,1.0986122886681096,0.6931471805599453
21:45:00,Tuesday,18-30,Male,High school,Employee,1-2yr,Private Vehicle,Owner,Unknown,,Office areas,One way,Tangent road with flat terrain,Crossing,Asphalt roads,Dry,Darkness - lights lit,Normal,Vehicle with vehicle collision,2,1,Going straight,3,Unsafe Lane Change,Slight Injury,1.0986122886681096,0.6931471805599453
16:50:00,Wednesday,Over 51,Male,Junior high school,Employee,2-5yr,Private Vehicle,Owner,Unknown,No defect, Industrial areas,Two-way (divided with broken lines road marking),Tangent road with flat terrain,No junction,Asphalt roads,Dry,Daylight,Normal,Vehicle with vehicle collision,2,1,U-Turn,3,Priority Violation,Slight Injury,1.0986122886681096,0.6931471805599453
16:50:00,Wednesday,Over 51,Male,Above high school,Other,2-5yr,Public Transport,Governmental,,No defect,Residential areas,Double carriageway (median),Tangent road with flat terrain,No junction,Asphalt roads,Dry,Daylight,Normal,Vehicle with vehicle collision,2,1,Going straight,na,Unsafe Lane Change,Slight Injury,1.0986122886681096,0.6931471805599453
14:14:00,Saturday,18-30,Male,High school,Employee,Above 10yr,Private Vehicle,Owner,,No defect,Office areas,Unknown,Tangent road with flat terrain,Y Shape,Asphalt roads,Dry,Daylight,Normal,Vehicle with vehicle collision,1,1,Going straight,3,Unsafe Lane Change,Serious Injury,0.6931471805599453,0.6931471805599453
5:30:00,Wednesday,Unknown,Female,Elementary school,Employee,5-10yr,Private Vehicle,Owner,2-5yrs,,Other,Two-way (divided with broken lines road marking),Tangent road with flat terrain,Y Shape,Asphalt roads,Wet or damp,Daylight,Other,Collision with roadside objects,2,1,Going straight,na,No Distance,Slight Injury,1.0986122886681096,0.6931471805599453
5:30:00,Wednesday,18-30,Male,High school,Employee,1-2yr,Private Vehicle,Owner,Unknown,, Church areas,other,Tangent road with flat terrain,Y Shape,Asphalt roads,Wet or damp,Daylight,Other,Collision with roadside objects,2,1,Going straight,3,No Distance,Slight Injury,1.0986122886681096,0.6931471805599453
14:02:00,Monday,Under 18,Male,High school,Employee,5-10yr,Commercial Vehicle,Owner,Above 10yr,, Industrial areas,Two-way (divided with broken lines road marking),Tangent road with flat terrain,Other,Asphalt roads,Dry,Daylight,Normal,Vehicle with vehicle collision,2,1,Turnover,3,Unsafe Lane Change,Slight Injury,1.0986122886681096,0.6931471805599453
14:02:00,Monday,Over 51,Male,High school,Employee,2-5yr,Private Vehicle,Owner,Unknown,No defect,  Recreational areas,One way,Tangent road with flat terrain,Other,Asphalt roads,Dry,Daylight,Normal,Vehicle with vehicle collision,2,1,Going straight,na,Unsafe Lane Change,Slight Injury,1.0986122886681096,0.6931471805599453
20:04:00,Sunday,31-50,Male,Junior high school,Employee,1-2yr,Private Vehicle,Owner,Unknown,No defect,  Market areas,Undivided Two way,Tangent road with flat terrain,O Shape,Asphalt roads,Dry,Daylight,Normal,Vehicle with vehicle collision,2,1,Going straight,3,Priority Violation,Slight Injury,1.0986122886681096,0.6931471805599453
20:04:00,Sunday,18-30,Male,Above high school,Employee,Above 10yr,Public Transport,Owner,Unknown,No defect,Other,Two-way (divided with broken lines road marking),Tangent road with flat terrain,O Shape,Asphalt roads,Dry,Daylight,Normal,Vehicle with vehicle collision,2,1,Moving Backward,3,Unsafe Lane Change,Slight Injury,1.0986122886681096,0.6931471805599453
22:46:00,Friday,Under 18,Male,Above high school,Employee,2-5yr,Public Transport,Owner,Unknown,,Other,Two-way (divided with broken lines road marking),Tangent road with flat terrain,No junction,Asphalt roads,Wet or damp,Darkness - lights lit,Raining,Collision with roadside objects,1,2,Going straight,na,Priority Violation,Slight Injury,0.6931471805599453,1.0986122886681096
22:46:00,Friday,Under 18,Male,Elementary school,Employee,5-10yr,Commercial Vehicle,Owner,Unknown,No defect, Industrial areas,Two-way (divided with broken lines road marking),Tangent road with flat terrain,No junction,Asphalt roads,Wet or damp,Darkness - lights lit,Raining,Vehicle with vehicle collision,1,2,Moving Backward,3,Moving Backward,Slight Injury,0.6931471805599453,1.0986122886681096
13:11:00,Wednesday,18-30,Male,Elementary school,Employee,1-2yr,Private Vehicle,Governmental,2-5yrs,,Other,Two-way (divided with broken lines road marking),Tangent road with flat terrain,Y Shape,Asphalt roads,Wet or damp,Daylight,Raining,Collision with roadside objects,2,1,Going straight,na,Unsafe Lane Change,Slight Injury,1.0986122886681096,0.6931471805599453
13:11:00,Wednesday,18-30,Male,Junior high school,Employee,,Non-Motorized,Governmental,,,Office areas,other,Tangent road with flat terrain,Y Shape,Asphalt roads,Wet or damp,Daylight,Raining,Collision with roadside objects,2,1,Going straight,na,No Distance,Slight Injury,1.0986122886681096,0.6931471805599453
20:15:00,Thursday,Over 51,Male,,,,Private Vehicle,Owner,Unknown,,,other,Tangent road with flat terrain,No junction,Asphalt roads,Dry,Daylight,Normal,Collision with pedestrians,3,1,Going straight,3,No Distance,Slight Injury,1.3862943611198906,0.6931471805599453
20:15:00,Thursday,31-50,Male,Elementary school,Employee,5-10yr,Private Vehicle,Owner,,,Office areas,Two-way (divided with broken lines road marking),Tangent road with flat terrain,No junction,Asphalt roads,Dry,Daylight,Normal,Vehicle with vehicle collision,3,1,Going straight,na,No Distance,Slight Injury,1.3862943611198906,0.6931471805599453
20:15:00,Thursday,31-50,Male,Junior high school,Employee,2-5yr,Private Vehicle,Owner,,,Office areas,Undivided Two way,Tangent road with flat terrain,No junction,Asphalt roads,Dry,Daylight,Normal,Collision with roadside objects,3,1,U-Turn,2,Unsafe Lane Change,Slight Injury,1.3862943611198906,0.6931471805599453
15:20:00,Wednesday,31-50,Male,Junior high school,Employee,5-10yr,Other,Organization,Unknown,,Other,other,Tangent road with flat terrain,No junction,Asphalt roads,Dry,Daylight,Normal,Vehicle with vehicle collision,2,2,Going straight,na,Priority Violation,Slight Injury,1.0986122886681096,1.0986122886681096
15:20:00,Wednesday,31-50,Male,High school,Employee,2-5yr,Public Transport,Governmental,2-5yrs,,Other,other,Tangent road with flat terrain,No junction,Asphalt roads,Dry,Daylight,Normal,Vehicle with vehicle collision,2,2,Going straight,3,Speeding,Slight Injury,1.0986122886681096,1.0986122886681096
10:51:00,Thursday,31-50,Male,Junior high school,Employee,1-2yr,Private Vehicle,Owner,Unknown,No defect,Other,Undivided Two way,Tangent road with flat terrain,Crossing,Asphalt roads,Dry,Daylight,Normal,Vehicle with vehicle collision,2,2,Going straight,3,Speeding,Slight Injury,1.0986122886681096,1.0986122886681096
10:51:00,Thursday,Over 51,Male,Junior high school,Employee,1-2yr,Private Vehicle,Owner,Above 10yr,,Other,other,Tangent road with flat terrain,Crossing,Asphalt roads,Dry,Daylight,Normal,Vehicle with vehicle collision,2,2,Going straight,2,Other,Slight Injury,1.0986122886681096,1.0986122886681096
10:51:00,Thursday,Over 51,Male,Junior high school,Employee,5-10yr,Private Vehicle,,,,Residential areas,Undivided Two way,Tangent road with flat terrain,Crossing,Asphalt roads,Dry,Daylight,Normal,Vehicle with vehicle collision,2,2,Going straight,na,Unsafe Lane Change,Slight Injury,1.0986122886681096,1.0986122886681096
9:06:00,Thursday,18-30,Male,Illiterate,Employee,unknown,Public Transport,Owner,2-5yrs,No defect, Church areas,Undivided Two way,Tangent road with flat terrain,Y Shape,Asphalt roads,Dry,Daylight,Normal,Vehicle with vehicle collision,2,2,Going straight,3,Priority Violation,Slight Injury,1.0986122886681096,1.0986122886681096
9:06:00,Thursday,18-30,Male,Junior high school,Employee,5-10yr,Private Vehicle,Owner,2-5yrs,,Office areas,Double carriageway (median),Tangent road with flat terrain,Y Shape,Asphalt roads,Dry,Daylight,Normal,Collision with roadside objects,2,2,Stopping,3,Unsafe Lane Change,Slight Injury,1.0986122886681096,1.0986122886681096
8:56:00,Sunday,18-30,Male,Junior high school,Employee,1-2yr,Private Vehicle,Owner,2-5yrs,, Church areas,other,Tangent road with flat terrain,No junction,Asphalt roads,Wet or damp,Daylight,Normal,Vehicle with vehicle collision,1,1,Turnover,3,No Distance,Slight Injury,0.6931471805599453,0.6931471805599453
14:30:00,Monday,31-50,Male,Junior high school,Employee,2-5yr,Commercial Vehicle,Owner,2-5yrs,,Other,Two-way (divided with broken lines road marking),Tangent road with flat terrain,No junction,Asphalt roads,Wet or damp,Daylight,Unknown,Collision with roadside objects,2,1,Getting off,3,Moving Backward,Slight Injury,1.0986122886681096,0.6931471805599453
14:30:00,Monday,Under 18,Male,Junior high school,Employee,Above 10yr,Private Vehicle,Owner,,,,other,Tangent road with flat terrain,No junction,Asphalt roads,Wet or damp,Daylight,Unknown,Vehicle with vehicle collision,2,1,Moving Backward,3,Unsafe Lane Change,Slight Injury,1.0986122886681096,0.6931471805599453
22:20:00,Saturday,Under 18,Male,Junior high school,Owner,5-10yr,Public Transport,Owner,1-2yr,,School areas,other,Steep grade downward with mountainous terrain,Y Shape,Asphalt roads,Dry,Darkness - lights lit,Normal,Vehicle with vehicle collision,2,2,Moving Backward,na,Other,Serious Injury,1.0986122886681096,1.0986122886681096
22:20:00,Saturday,18-30,Male,High school,Employee,1-2yr,Private Vehicle,Owner,5-10yrs,,Office areas,Two-way (divided with broken lines road marking),Tangent road with mild grade and flat terrain,Y Shape,Asphalt roads,Dry,Darkness - lights lit,Normal,Vehicle with vehicle collision,2,2,Going straight,3,No Distance,Serious Injury,1.0986122886681096,1.0986122886681096
15:30:00,Monday,18-30,Male,Junior high school,Employee,Above 10yr,Public Transport,Owner,Below 1yr,,Other,other,Steep grade downward with mountainous terrain,Unknown,Asphalt roads,Dry,Daylight,Normal,Collision with roadside objects,1,1,Turnover,na,Moving Backward,Slight Injury,0.6931471805599453,0.6931471805599453
6:30:00,Wednesday,Unknown,Female,Junior high school,Employee,1-2yr,Public Transport,Owner,Unknown,,Office areas,Undivided Two way,Tangent road with flat terrain,No junction,Asphalt roads,Dry,Daylight,Normal,Collision with roadside objects,2,1,Going straight,2,No Distance,Serious Injury,1.0986122886681096,0.6931471805599453
6:30:00,Wednesday,31-50,Male,Junior high school,Employee,2-5yr,Private Vehicle,Owner,,,Other,Undivided Two way,Tangent road with flat terrain,No junction,Asphalt roads,Dry,Daylight,Normal,Vehicle with vehicle collision,2,1,Going straight,3,Unsafe Lane Change,Serious Injury,1.0986122886681096,0.6931471805599453
14:27:00,Friday,Over 51,Male,Junior high school,Employee,Above 10yr,Private Vehicle,Owner,2-5yrs,,Other,Two-way (divided with broken lines road marking),Tangent road with flat terrain,No junction,Asphalt roads,Dry,Daylight,Normal,Vehicle with vehicle collision,2,2,U-Turn,na,Unsafe Lane Change,Slight Injury,1.0986122886681096,1.0986122886681096
14:27:00,Friday,Over 51,Male,Junior high school,Employee,2-5yr,Private Vehicle,Owner,,,Office areas,Undivided Two way,Tangent road with flat terrain,No junction,Asphalt roads,Dry,Daylight,Normal,Vehicle with vehicle collision,2,2,Going straight,3,Priority Violation,Slight Injury,1.0986122886681096,1.0986122886681096
14:27:00,Friday,Unknown,Male,Elementary school,Employee,5-10yr,Commercial Vehicle,Owner,,No defect,Other,Double carriageway (median),Tangent road with flat terrain,No junction,Asphalt roads,Dry,Daylight,Normal,Vehicle with vehicle collision,2,2,Going straight,na,Unsafe Lane Change,Slight Injury,1.0986122886681096,1.0986122886681096
16:46:00,Saturday,18-30,Male,,,,Public Transport,Owner,,, Church areas,other,Tangent road with flat terrain,No junction,Asphalt roads,Dry,Daylight,Normal,Vehicle with vehicle collision,2,2,U-Turn,3,Driving carelessly,Slight Injury,1.0986122886681096,1.0986122886681096
16:46:00,Saturday,31-50,Male,Elementary school,Employee,1-2yr,Commercial Vehicle,Owner,,No defect,Office areas,Two-way (divided with broken lines road marking),Tangent road with flat terrain,No junction,Asphalt roads,Dry,Daylight,Normal,Vehicle with vehicle collision,2,2,Stopping,na,Driving carelessly,Slight Injury,1.0986122886681096,1.0986122886681096
9:45:00,Monday,Unknown,Female,Elementary school,Employee,5-10yr,Private Vehicle,Owner,Above 10yr,No defect,Office areas,Two-way (divided with broken lines road marking),Tangent road with flat terrain,No junction,Asphalt roads,Dry,Daylight,Normal,Vehicle with vehicle collision,2,1,Going straight,3,Priority Violation,Slight Injury,1.0986122886681096,0.6931471805599453
9:45:00,Monday,18-30,Male,Elementary school,Employee,5-10yr,Private Vehicle,Owner,2-5yrs,,Other,Undivided Two way,Tangent road with mountainous terrain and,No junction,Asphalt roads,Dry,Daylight,Normal,Collision with roadside objects,2,1,Moving Backward,3,Improper Parking/Exit,Slight Injury,1.0986122886681096,0.6931471805599453
14:35:00,Sunday,Unknown,Male,Junior high school,Employee,1-2yr,Private Vehicle,Owner,2-5yrs,,Residential areas,Undivided Two way,Tangent road with flat terrain,No junction,Asphalt roads,Dry,Daylight,Unknown,Collision with roadside objects,2,2,Getting off,na,No Distance,Slight Injury,1.0986122886681096,1.0986122886681096
14:35:00,Sunday,Unknown,Male,Junior high school,Employee,5-10yr,Public Transport,Owner,Unknown,No defect,Residential areas,Undivided Two way,Tangent road with flat terrain,No junction,Asphalt roads,Dry,Daylight,Unknown,Collision with roadside objects,2,2,Going straight,3,Unsafe Lane Change,Slight Injury,1.0986122886681096,1.0986122886681096
14:35:00,Sunday,Unknown,Female,Junior high school,Employee,5-10yr,Public Transport,Owner,5-10yrs,7,,Two-way (divided with broken lines road marking),Tangent road with flat terrain,No junction,Asphalt roads,Dry,Daylight,Unknown,Vehicle with vehicle collision,2,2,Going straight,na,Priority Violation,Slight Injury,1.0986122886681096,1.0986122886681096
0:29:00,Wednesday,Unknown,Male,Junior high school,Employee,2-5yr,Commercial Vehicle,Owner,Unknown,7,Other,other,Tangent road with flat terrain,Y Shape,Asphalt roads,Wet or damp,Darkness - lights lit,Raining,Vehicle with vehicle collision,2,4,Turnover,na,No Distance,Slight Injury,1.0986122886681096,1.6094379124341003
0:29:00,Wednesday,Under 18,Male,Junior high school,Employee,1-2yr,Private Vehicle,Owner,Unknown,No defect,Office areas,Two-way (divided with broken lines road marking),Steep grade downward with mountainous terrain,Y Shape,Asphalt roads,Wet or damp,Darkness - lights lit,Raining,Vehicle with vehicle collision,2,4,Moving Backward,3,Priority Violation,Slight Injury,1.0986122886681096,1.6094379124341003
0:29:00,Wednesday,Under 18,Male,Junior high school,Employee,5-10yr,Private Vehicle,Governmental,Unknown,No defect,School areas,Double carriageway (median),Tangent road with flat terrain,Y Shape,Asphalt roads,Wet or damp,Darkness - lights lit,Raining,Vehicle with vehicle collision,2,4,Going straight,3,Priority Violation,Slight Injury,1.0986122886681096,1.6094379124341003
0:29:00,Wednesday,Under 18,Male,Junior high school,Employee,Below 1yr,Private Vehicle,Owner,Unknown,No defect,Other,Two-way (divided with broken lines road marking),Steep grade downward with mountainous terrain,Y Shape,Asphalt roads,Wet or damp,Darkness - lights lit,Raining,Collision with pedestrians,2,4,Moving Backward,na,Priority Violation,Slight Injury,1.0986122886681096,1.6094379124341003
0:29:00,Wednesday,Under 18,Male,Junior high school,Employee,5-10yr,Commercial Vehicle,Owner,5-10yrs,No defect,Other,Two-way (divided with broken lines road marking),Tangent road with rolling terrain,Y Shape,Asphalt roads,Wet or damp,Darkness - lights lit,Raining,Collision with pedestrians,2,4,Going straight,na,Driving carelessly,Slight Injury,1.0986122886681096,1.6094379124341003
7:00:00,Thursday,18-30,Male,Junior high school,Owner,5-10yr,Commercial Vehicle,Governmental,Unknown,No defect, Church areas,Two-way (divided with broken lines road marking),Tangent road with flat terrain,Y Shape,Asphalt roads,Dry,Daylight,Normal,Vehicle with vehicle collision,2,1,,2,Unsafe Lane Change,Slight Injury,1.0986122886681096,0.6931471805599453
7:00:00,Thursday,Over 51,Male,,Owner,5-10yr,Commercial Vehicle,,,,Office areas,Two-way (divided with broken lines road marking),Tangent road with mild grade and flat terrain,Y Shape,Asphalt roads,Dry,Daylight,Normal,Vehicle with vehicle collision,2,1,Going straight,na,Unsafe Lane Change,Slight Injury,1.0986122886681096,0.6931471805599453
21:51:00,Friday,18-30,Male,Junior high school,Employee,5-10yr,Commercial Vehicle,Owner,,,Other,Two-way (divided with broken lines road marking),Tangent road with mild grade and flat terrain,Y Shape,Earth roads,Dry,Darkness - lights lit,Normal,Vehicle with vehicle collision,4,1,,3,Moving Backward,Slight Injury,1.6094379124341003,0.6931471805599453