Time,Day_of_week,Age_band_of_driver,Sex_of_driver,Educational_level,Vehicle_driver_relation,Driving_experience,Type_of_vehicle,Owner_of_vehicle,Service_year_of_vehicle,Defect_of_vehicle,Area_accident_occured,Lanes_or_Medians,Road_allignment,Types_of_Junction,Road_surface_type,Road_surface_conditions,Light_conditions,Weather_conditions,Type_of_collision,Number_of_vehicles_involved,Number_of_casualties,Vehicle_movement,Casualty_severity,Cause_of_accident,Accident_severity,Number_of_vehicles_involved_log,Number_of_casualties_log
16:30:00,Monday,18-30,Male,Junior high school,Employee,5-10yr,Commercial Vehicle,Owner,,No defect,Office areas,One way,Tangent road with flat terrain,No junction,Asphalt roads,Dry,Daylight,Normal,Vehicle with vehicle collision,2,2,Going straight,na,Priority Violation,Slight Injury,1.0986122886681096,1.0986122886681096
16:30:00,Monday,18-30,Male,Junior high school,Employee,Above 10yr,Commercial Vehicle,Owner,,No defect,Office areas,Undivided Two way,Tangent road with flat terrain,No junction,Asphalt roads,Dry,Daylight,Normal,Vehicle with vehicle collision,2,2,Going straight,3,Priority Violation,Slight Injury,1.0986122886681096,1.0986122886681096
17:10:00,Thursday,31-50,Male,Junior high school,Employee,5-10yr,Private Vehicle,Owner,,No defect,Office areas,other,Tangent road with flat terrain,No junction,Asphalt roads,Wet or damp,Daylight,Raining,Vehicle with vehicle collision,2,1,Going straight,na,Driving carelessly,Slight Injury,1.0986122886681096,0.6931471805599453
17:10:00,Thursday,Unknown,Male,Junior high school,Employee,Above 10yr,Public Transport,Owner,Above 10yr,No defect,Residential areas,other,Tangent road with flat terrain,No junction,Asphalt roads,Wet or damp,Daylight,Raining,Vehicle with vehicle collision,2,1,Going straight,3,Unsafe Lane Change,Slight Injury,1.0986122886681096,0.6931471805599453
21:12:00,Wednesday,31-50,Male,Elementary school,Employee,Below 1yr,Public Transport,Owner,5-10yrs,No defect,Residential areas,One way,Tangent road with flat terrain,No junction,Asphalt roads,Dry,Daylight,Normal,Vehicle with vehicle collision,2,1,Going straight,3,Unsafe Lane Change,Slight Injury,1.0986122886681096,0.6931471805599453
21:12:00,Wednesday,Unknown,Male,Elementary school,Employee,5-10yr,Commercial Vehicle,Owner,,No defect,Other,One way,Tangent road with flat terrain,No junction,Asphalt roads,Dry,Daylight,Normal,Vehicle with vehicle collision,2,1,Moving Backward,3,Moving Backward,Slight Injury,1.0986122886681096,0.6931471805599453
8:39:00,Monday,31-50,Male,Elementary school,Employee,1-2yr,Commercial Vehicle,Owner,5-10yrs,No defect, Church areas,Undivided Two way,Tangent road with flat terrain,No junction,Asphalt roads,Dry,Daylight,Normal,Vehicle with vehicle collision,1,1,Going straight,na,Driving carelessly,Serious Injury,0.6931471805599453,0.6931471805599453
15:30:00,Tuesday,18-30,Male,Elementary school,Employee,5-10yr,Commercial Vehicle,Owner,,No defect,  Recreational areas,other,Tangent road with flat terrain,No junction,Asphalt roads,Dry,Daylight,Cloudy,Vehicle with vehicle collision,1,1,Going straight,3,Unsafe Lane Change,Serious Injury,0.6931471805599453,0.6931471805599453
23:45:00,Tuesday,Under 18,Male,Elementary school,Employee,5-10yr,Commercial Vehicle,Owner,,, Industrial areas,Undivided Two way,Tangent road with flat terrain,Y Shape,Asphalt roads,Dry,Darkness - lights lit,Normal,Collision with roadside objects,3,3,Moving Backward,na,Unsafe Lane Change,Slight Injury,1.3862943611198906,1.3862943611198906
23:45:00,Tuesday,18-30,Male,Elementary school,Employee,2-5yr,Special Vehicle,,,,Residential areas,other,Tangent road with flat terrain,Y Shape,Asphalt roads,Dry,Darkness - lights lit,Normal,Vehicle with vehicle collision,3,3,Moving Backward,3,Priority Violation,Slight Injury,1.3862943611198906,1.3862943611198906
23:45:00,Tuesday,18-30,Male,Elementary school,Employee,5-10yr,Commercial Vehicle,Owner,Above 10yr,No defect,Residential areas,other,Tangent road with rolling terrain,Y Shape,Asphalt roads,Dry,Darkness - lights lit,Normal,Vehicle with vehicle collision,3,3,Going straight,na,Unsafe Lane Change,Slight Injury,1.3862943611198906,1.3862943611198906
23:45:00,Tuesday,18-30,Male,,,5-10yr,Commercial Vehicle,Owner,2-5yrs,No defect,Office areas,Double carriageway (median),Tangent road with flat terrain,Y Shape,Asphalt roads,Dry,Darkness - lights lit,Normal,Vehicle with vehicle collision,3,3,Turnover,3,Unsafe Lane Change,Slight Injury,1.3862943611198906,1.3862943611198906
14:35:00,Saturday,Unknown,Male,Junior high school,Employee,Above 10yr,Public Transport,Owner,2-5yrs,No defect,  Market areas,Undivided Two way,Tangent road with flat terrain,No junction,Asphalt roads,Dry,Daylight,Normal,Vehicle with vehicle collision,2,3,Turnover,na,Driving carelessly,Slight Injury,1.0986122886681096,1.3862943611198906
14:35:00,Saturday,31-50,Male,Junior high school,Employee,Above 10yr,Private Vehicle,,,,Unknown,other,Tangent road with flat terrain,No junction,Asphalt roads,Dry,Daylight,Normal,Collision with pedestrians,2,3,Going straight,3,No Distance,Slight Injury,1.0986122886681096,1.3862943611198906
14:35:00,Saturday,31-50,Unknown,Elementary school,Employee,Below 1yr,Private Vehicle,Owner,,No defect, Industrial areas,other,Tangent road with flat terrain,No junction,Asphalt roads,Dry,Daylight,Normal,Vehicle with vehicle collision,2,3,Going straight,na,Improper Parking/Exit,Slight Injury,1.0986122886681096,1.3862943611198906
14:35:00,Saturday,31-50,Male,Elementary school,Employee,5-10yr,Commercial Vehicle,Owner,,No defect,Residential areas,Two-way (divided with solid lines road marking),Tangent road with flat terrain,No junction,Asphalt roads,Dry,Daylight,Normal,Vehicle with vehicle collision,2,3,Going straight,3,DUI (Drugs/Alcohol),Slight Injury,1.0986122886681096,1.3862943611198906
13:15:00,Saturday,18-30,Male,Elementary school,Owner,5-10yr,Private Vehicle,Governmental,Below 1yr,No defect,Residential areas,Undivided Two way,Tangent road with flat terrain,Crossing,Asphalt roads,Dry,Daylight,Normal,Vehicle with vehicle collision,2,1,Going straight,3,Unsafe Lane Change,Serious Injury,1.0986122886681096,0.6931471805599453
13:15:00,Saturday,18-30,Male,Elementary school,Employee,2-5yr,Private Vehicle,Owner,5-10yrs,No defect,Other,Undivided Two way,Tangent road with flat terrain,Crossing,Asphalt roads,Dry,Daylight,Normal,Vehicle with vehicle collision,2,1,Going straight,3,Driving carelessly,Serious Injury,1.0986122886681096,0.6931471805599453
15:10:00,Saturday,31-50,Male,Elementary school,Employee,Above 10yr,Private Vehicle,Governmental,,No defect,Residential areas,other,Tangent road with flat terrain,No junction,Asphalt roads,Dry,Daylight,Normal,Vehicle with vehicle collision,2,2,Going straight,3,Moving Backward,Slight Injury,1.0986122886681096,1.0986122886681096
15:10:00,Saturday,31-50,Male,Elementary school,Employee,2-5yr,Private Vehicle,Owner,1-2yr,No defect,Rural village areas,Undivided Two way,Gentle horizontal curve,No junction,Asphalt roads,Dry,Daylight,Normal,Vehicle with vehicle collision,2,2,Getting off,na,Unsafe Lane Change,Slight Injury,1.0986122886681096,1.0986122886681096
15:10:00,Saturday,Unknown,Male,Junior high school,Employee,Above 10yr,Private Vehicle,Owner,2-5yrs,No defect,Rural village areas,Undivided Two way,Gentle horizontal curve,No junction,Asphalt roads,Dry,Daylight,Normal,Vehicle with vehicle collision,2,2,Moving Backward,3,Unsafe Lane Change,Slight Injury,1.0986122886681096,1.0986122886681096
9:30:00,Monday,18-30,Male,Junior high school,Employee,Below 1yr,Commercial Vehicle,Owner,,No defect,Office areas,Double carriageway (median),Tangent road with flat terrain,No junction,Asphalt roads,Wet or damp,Daylight,Raining,Vehicle with vehicle collision,2,1,Other,3,Driving carelessly,Slight Injury,1.0986122886681096,0.6931471805599453
9:30:00,Monday,Unknown,Female,Junior high school,Employee,2-5yr,Public Transport,Owner,2-5yrs,No defect,Residential areas,Undivided Two way,Gentle horizontal curve,No junction,Asphalt roads,Wet or damp,Daylight,Raining,Collision with pedestrians,2,1,Going straight,3,Priority Violation,Slight Injury,1.0986122886681096,0.6931471805599453
13:56:00,Sunday,Over 51,Male,Elementary school,Employee,5-10yr,Public Transport,Owner,,,Residential areas,other,Tangent road with flat terrain,Unknown,Asphalt roads,Dry,Daylight,Normal,Vehicle with vehicle collision,4,3,Going straight,3,Moving Backward,Serious Injury,1.6094379124341003,1.3862943611198906
13:56:00,Sunday,31-50,Male,Elementary school,Employee,5-10yr,Commercial Vehicle,Owner,,7, Outside rural areas,other,Tangent road with flat terrain,Unknown,Asphalt roads,Dry,Daylight,Normal,Vehicle with vehicle collision,4,3,Going straight,na,Unsafe Lane Change,Serious Injury,1.6094379124341003,1.3862943611198906
13:56:00,Sunday,31-50,Male,Elementary school,Employee,1-2yr,Commercial Vehicle,Owner,Above 10yr,,Residential areas,other,Tangent road with flat terrain,Unknown,Asphalt roads,Dry,Daylight,Normal,Vehicle with vehicle collision,4,3,Going straight,3,Reckless Driving,Serious Injury,1.6094379124341003,1.3862943611198906
13:56:00,Sunday,Unknown,Male,Elementary school,Employee,,Commercial Vehicle,Owner,5-10yrs,5, Church areas,other,Tangent road with flat terrain,Unknown,Asphalt roads,Dry,Daylight,Normal,Vehicle with vehicle collision,4,3,Going straight,3,No Distance,Serious Injury,1.6094379124341003,1.3862943611198906
13:56:00,Sunday,Unknown,Male,Junior high school,Employee,1-2yr,Private Vehicle,Owner,,No defect,Office areas,Undivided Two way,Tangent road with flat terrain,Unknown,Asphalt roads,Dry,Daylight,Normal,Collision with roadside objects,4,3,Going straight,3,Driving carelessly,Serious Injury,1.6094379124341003,1.3862943611198906
12:10:00,Monday,Unknown,Male,,Employee,5-10yr,Private Vehicle,Owner,Unknown,No defect,Office areas,Two-way (divided with broken lines road marking),Tangent road with mountainous terrain and,No junction,Asphalt roads,Dry,Daylight,Normal,Vehicle with vehicle collision,2,1,Going straight,3,No Distance,Slight Injury,1.0986122886681096,0.6931471805599453
12:10:00,Monday,31-50,Male,Elementary school,Owner,1-2yr,Private Vehicle,Governmental,,No defect,Office areas,Two-way (divided with broken lines road marking),Escarpments,No junction,Asphalt roads,Dry,Daylight,Normal,Vehicle with vehicle collision,2,1,Going straight,na,Unsafe Lane Change,Slight Injury,1.0986122886681096,0.6931471805599453
16:05:00,Friday,Unknown,Male,Junior high school,Employee,5-10yr,Commercial Vehicle,Owner,2-5yrs,,Other,Undivided Two way,Tangent road with mountainous terrain and,No junction,Asphalt roads,Dry,Daylight,Normal,Vehicle with vehicle collision,2,1,Going straight,3,Priority Violation,Slight Injury,1.0986122886681096,0.6931471805599453
16:05:00,Friday,18-30,Male,Junior high school,Employee,2-5yr,Commercial Vehicle,Owner,2-5yrs,,Other,Undivided Two way,Tangent road with flat terrain,No junction,Asphalt roads,Dry,Daylight,Normal,Vehicle with vehicle collision,2,1,Going straight,na,No Distance,Slight Injury,1.0986122886681096,0.6931471805599453
16:55:00,Thursday,Unknown,Male,Junior high school,Employee,2-5yr,Private Vehicle,Owner,Unknown,No defect,Residential areas,Two-way (divided with broken lines road marking),Tangent road with flat terrain,Y Shape,Asphalt roads,Dry,Daylight,Normal,Vehicle with vehicle collision,2,1,Going straight,3,No Distance,Slight Injury,1.0986122886681096,0.6931471805599453
16:55:00,Thursday,31-50,Male,Junior high school,Employee,5-10yr,Private Vehicle,Owner,,,Other,Two-way (divided with broken lines road marking),Tangent road with flat terrain,Y Shape,Asphalt roads,Dry,Daylight,Normal,Vehicle with vehicle collision,2,1,Going straight,3,Unsafe Lane Change,Slight Injury,1.0986122886681096,0.6931471805599453
0:30:00,Wednesday,31-50,Male,Junior high school,Owner,Below 1yr,Private Vehicle,Owner,Below 1yr,,Other,Undivided Two way,Tangent road with mild grade and flat terrain,No junction,Asphalt roads,Dry,Darkness - lights lit,Normal,Vehicle with vehicle collision,2,1,Moving Backward,na,No Distance,Slight Injury,1.0986122886681096,0.6931471805599453
0:30:00,Wednesday,Unknown,Female,High school,Employee,Below 1yr,Other,Owner,5-10yrs,,Other,Two-way (divided with broken lines road marking),Tangent road with flat terrain,No junction,Asphalt roads,Dry,Darkness - lights lit,Normal,Collision with roadside objects,2,1,Going straight,3,Unsafe Lane Change,Slight Injury,1.0986122886681096,0.6931471805599453
8:50:00,Wednesday,Unknown,Male,Junior high school,Employee,,Special Vehicle,Governmental,5-10yrs,No defect,Other,Undivided Two way,Tangent road with flat terrain,Crossing,Asphalt roads,Dry,Daylight,Normal,Vehicle with vehicle collision,1,1,Moving Backward,3,No Distance,Slight Injury,0.6931471805599453,0.6931471805599453
11:15:00,Wednesday,Unknown,Female,Junior high school,Employee,Below 1yr,Commercial Vehicle,Owner,2-5yrs,No defect,Other,Double carriageway (median),Tangent road with mild grade and flat terrain,No junction,Asphalt roads,Dry,Daylight,Normal,Vehicle with vehicle collision,1,1,Moving Backward,na,No Distance,Slight Injury,0.6931471805599453,0.6931471805599453
4:55:00,Saturday,18-30,Male,Junior high school,Employee,2-5yr,Commercial Vehicle,Owner,,No defect,Other,Two-way (divided with broken lines road marking),Tangent road with flat terrain,Y Shape,Asphalt roads,Dry,Daylight,Normal,Vehicle with vehicle collision,2,1,Going straight,3,No Distance,Slight Injury,1.0986122886681096,0.6931471805599453
4:55:00,Saturday,31-50,Male,Junior high school,Employee,2-5yr,Commercial Vehicle,Owner,2-5yrs,, Church areas,Two-way (divided with broken lines road marking),Tangent road with flat terrain,Y Shape,Asphalt roads,Dry,Daylight,Normal,Vehicle with vehicle collision,2,1,Going straight,3,Unsafe Lane Change,Slight Injury,1.0986122886681096,0.6931471805599453
12:34:00,Wednesday,18-30,Male,Junior high school,Employee,5-10yr,Commercial Vehicle,Owner,5-10yrs,,Other,Undivided Two way,Tangent road with flat terrain,Other,Asphalt roads,Wet or damp,Daylight,Raining,Rollover,2,2,Going straight,na,Unsafe Lane Change,Slight Injury,1.0986122886681096,1.0986122886681096
12:34:00,Wednesday,31-50,Male,Elementary school,Employee,5-10yr,Private Vehicle,Organization,2-5yrs,, Industrial areas,Two-way (divided with broken lines road marking),Tangent road with flat terrain,Other,Asphalt roads with some distress,Wet or damp,Daylight,Raining,Vehicle with vehicle collision,2,2,Going straight,3,Moving Backward,Slight Injury,1.0986122886681096,1.0986122886681096
12:34:00,Wednesday,31-50,Male,,Owner,5-10yr,Private Vehicle,Owner,,No defect,Residential areas,Double carriageway (median),Tangent road with flat terrain,Other,Asphalt roads,Wet or damp,Daylight,Raining,Vehicle with vehicle collision,2,2,Going straight,3,Unsafe Lane Change,Slight Injury,1.0986122886681096,1.0986122886681096
18:11:00,Thursday,18-30,Male,Junior high school,Employee,5-10yr,Private Vehicle,Governmental,Above 10yr,No defect,Other,Two-way (divided with broken lines road marking),Tangent road with flat terrain,No junction,Asphalt roads,Dry,Daylight,Normal,Collision with roadside objects,3,1,Going straight,3,No Distance,Slight Injury,1.3862943611198906,0.6931471805599453
18:11:00,Thursday,18-30,Male,Junior high school,Owner,5-10yr,Private Vehicle,Owner,,No defect,Office areas,Two-way (divided with broken lines road marking),Tangent road with flat terrain,No junction,Asphalt roads,Dry,Daylight,Normal,Vehicle with vehicle collision,3,1,,na,Speeding,Slight Injury,1.3862943611198906,0.6931471805599453
18:11:00,Thursday,31-50,Male,Illiterate,Employee,2-5yr,Private Vehicle,Owner,,No defect, Industrial areas,Unknown,Tangent road with flat terrain,No junction,Asphalt roads,Dry,Daylight,Normal,Vehicle with vehicle collision,3,1,Other,3,Other,Slight Injury,1.3862943611198906,0.6931471805599453
20:52:00,Tuesday,18-30,Male,Junior high school,Employee,5-10yr,Private Vehicle,Owner,1-2yr,No defect, Industrial areas,Double carriageway (median),Tangent road with flat terrain,Crossing,Gravel roads,Dry,Daylight,Normal,Vehicle with vehicle collision,2,1,Going straight,3,Other,Slight Injury,1.0986122886681096,0.6931471805599453
20:52:00,Tuesday,31-50,Male,Junior high school,Employee,Below 1yr,Public Transport,Owner,,No defect,Other,Two-way (divided with broken lines road marking),Tangent road with flat terrain,Crossing,Asphalt roads,Dry,Daylight,Normal,Collision with roadside objects,2,1,,na,Unsafe Lane Change,Slight Injury,1.0986122886681096,0.6931471805599453
15:30:00,Sunday,31-50,Male,Junior high school,Employee,1-2yr,Public Transport,Organization,Above 10yr,, Hospital areas,Two-way (divided with broken lines road marking),Tangent road with flat terrain,Crossing,Asphalt roads,Wet or damp,Daylight,Raining,Collision with roadside objects,2,1,Overtaking,3,Priority Violation,Slight Injury,1.0986122886681096,0.6931471805599453
15:30:00,Sunday,Unknown,Female,Elementary school,Employee,2-5yr,Private Vehicle,Owner,Unknown,,Office areas,One way,Tangent road with flat terrain,Crossing,Asphalt roads,Wet or damp,Daylight,Raining,Vehicle with vehicle collision,2,1,Reversing,na,Priority Violation,Slight Injury,1.0986122886681096,0.6931471805599453
17:17:00,Wednesday,31-50,Male,Elementary school,Employee,2-5yr,Private Vehicle,Owner,2-5yrs,No defect, Church areas,Undivided Two way,Tangent road with flat terrain,Crossing,Asphalt roads,Dry,Daylight,Normal,Vehicle with vehicle collision,2,1,Going straight,3,Unsafe Lane Change,Slight Injury,1.0986122886681096,0.6931471805599453
17:17:00,Wednesday,Under 18,Male,Elementary school,Employee,5-10yr,Non-Motorized,Organization,5-10yrs,No defect, Hospital areas,Undivided Two way,Tangent road with mountainous terrain and,Crossing,Asphalt roads,Dry,Daylight,Normal,Collision with roadside objects,2,1,Other,3,Unsafe Lane Change,Slight Injury,1.0986122886681096,0.6931471805599453
17:15:00,Wednesday,31-50,Male,Junior high school,Employee,5-10yr,Private Vehicle,Owner,Above 10yr,No defect,Office areas,other,Tangent road with flat terrain,No junction,Asphalt roads,Dry,Daylight,Normal,Collision with roadside objects,1,1,Moving Backward,3,Speeding,Slight Injury,0.6931471805599453,0.6931471805599453
13:30:00,Tuesday,18-30,Male,,,,Commercial Vehicle,Owner,2-5yrs,No defect,Other,Two-way (divided with broken lines road marking),Escarpments,No junction,Asphalt roads,Dry,Daylight,Normal,Vehicle with vehicle collision,2,2,Going straight,3,No Distance,Slight Injury,1.0986122886681096,1.0986122886681096
13:30:00,Tuesday,Over 51,Male,Junior high school,Employee,Above 10yr,Private Vehicle,Owner,1-2yr,,Office areas,Undivided Two way,Tangent road with flat terrain,No junction,Asphalt roads,Dry,Daylight,Normal,Vehicle with vehicle collision,2,2,Other,na,Priority Violation,Slight Injury,1.0986122886681096,1.0986122886681096
7:11:00,Sunday,31-50,Male,Junior high school,Employee,Above 10yr,Public Transport,Owner,2-5yrs,,Office areas,Two-way (divided with broken lines road marking),Tangent road with mountainous terrain and,Y Shape,Asphalt roads,Dry,Daylight,Normal,Vehicle with vehicle collision,2,1,Moving Backward,3,Unsafe Lane Change,Slight Injury,1.0986122886681096,0.6931471805599453
7:11:00,Sunday,31-50,Male,Junior high school,Owner,Above 10yr,Special Vehicle,Owner,,No defect,Other,Double carriageway (median),Steep grade downward with mountainous terrain,Y Shape,Asphalt roads,Dry,Daylight,Normal,Collision with roadside objects,2,1,Going straight,na,Unsafe Lane Change,Slight Injury,1.0986122886681096,0.6931471805599453
16:51:00,Saturday,18-30,Male,Junior high school,Employee,unknown,Private Vehicle,Owner,1-2yr,No defect,Office areas,Undivided Two way,Tangent road with mild grade and flat terrain,Y Shape,Asphalt roads,Dry,Daylight,Normal,Vehicle with vehicle collision,2,2,Going straight,3,No Distance,Serious Injury,1.0986122886681096,1.0986122886681096
16:51:00,Saturday,31-50,Male,Junior high school,Employee,5-10yr,Public Transport,Owner,,No defect,Residential areas,Undivided Two way,Tangent road with flat terrain,Y Shape,Asphalt roads,Dry,Daylight,Normal,Vehicle with vehicle collision,2,2,Moving Backward,na,Driving carelessly,Serious Injury,1.0986122886681096,1.0986122886681096
7:25:00,Friday,18-30,Male,Junior high school,Employee,2-5yr,Private Vehicle,Owner,Unknown,,Other,Two-way (divided with broken lines road marking),Tangent road with flat terrain,Y Shape,Asphalt roads,Dry,Daylight,Normal,Vehicle with vehicle collision,2,1,Going straight,3,Priority Violation,Slight Injury,1.0986122886681096,0.6931471805599453
7:25:00,Friday,18-30,Male,Elementary school,Employee,5-10yr,Commercial Vehicle,Owner,2-5yrs,,Office areas,Double carriageway (median),Tangent road with flat terrain,Y Shape,Asphalt roads,Dry,Daylight,Normal,Rollover,2,1,Getting off,3,Driving carelessly,Slight Injury,1.0986122886681096,0.6931471805599453
23:53:00,Thursday,Unknown,Female,Junior high school,Employee,2-5yr,Commercial Vehicle,Owner,5-10yrs,,Office areas,Undivided Two way,Tangent road with mountainous terrain and,No junction,Asphalt roads,Dry,Darkness - lights lit,Normal,Vehicle with vehicle collision,1,1,Going straight,3,Moving Backward,Fatal injury,0.6931471805599453,0.6931471805599453
19:39:00,Sunday,Unknown,Male,High school,Owner,5-10yr,Public Transport,,,,Office areas,other,Tangent road with flat terrain,No junction,Asphalt roads,Wet or damp,Darkness - lights lit,Raining,Vehicle with vehicle collision,1,1,Going straight,3,No Distance,Slight Injury,0.6931471805599453,0.6931471805599453
14:30:00,Tuesday,Unknown,Male,Junior high school,Employee,Above 10yr,Commercial Vehicle,Owner,5-10yrs,No defect,Other,Two-way (divided with broken lines road marking),Tangent road with mild grade and flat terrain,No junction,Asphalt roads,Dry,Daylight,Normal,Collision with pedestrians,2,3,Moving Backward,3,No Distance,Slight Injury,1.0986122886681096,1.3862943611198906
14:30:00,Tuesday,18-30,Male,Junior high school,Employee,2-5yr,Commercial Vehicle,Owner,,No defect, Church areas,Undivided Two way,Tangent road with flat terrain,No junction,Asphalt roads,Dry,Daylight,Normal,Vehicle with vehicle collision,2,3,Going straight,2,No Distance,Slight Injury,1.0986122886681096,1.3862943611198906
14:30:00,Tuesday,18-30,Male,Elementary school,Employee,2-5yr,Public Transport,Owner,Unknown,No defect, Industrial areas,Undivided Two way,Tangent road with flat terrain,No junction,Asphalt roads,Dry,Daylight,Normal,Vehicle with vehicle collision,2,3,Going straight,3,Unsafe Lane Change,Slight Injury,1.0986122886681096,1.3862943611198906
14:30:00,Tuesday,18-30,Male,High school,Owner,Above 10yr,Public Transport,Owner,1-2yr,No defect,Office areas,Double carriageway (median),Tangent road with flat terrain,No junction,Asphalt roads,Dry,Daylight,Normal,Vehicle with vehicle collision,2,3,Going straight,3,Unsafe Lane Change,Slight Injury,1.0986122886681096,1.3862943611198906
14:20:00,Saturday,Unknown,Male,Elementary school,Employee,1-2yr,Private Vehicle,Owner,Unknown,No defect, Church areas,Undivided Two way,Tangent road with flat terrain,No junction,Earth roads,Dry,Daylight,Normal,Vehicle with vehicle collision,2,1,Going straight,na,Moving Backward,Slight Injury,1.0986122886681096,0.6931471805599453
14:20:00,Saturday,31-50,Unknown,Junior high school,Employee,Above 10yr,Commercial Vehicle,Owner,,,Office areas,Undivided Two way,Tangent road with flat terrain,No junction,Asphalt roads,Dry,Daylight,Normal,Collision with roadside objects,2,1,Going straight,3,Unsafe Lane Change,Slight Injury,1.0986122886681096,0.6931471805599453
7:45:00,Friday,31-50,Male,,,,Private Vehicle,Owner,,No defect,Office areas,other,Tangent road with flat terrain,No junction,Asphalt roads,Dry,Daylight,Normal,Vehicle with vehicle collision,2,1,Moving Backward,3,Priority Violation,Slight Injury,1.0986122886681096,0.6931471805599453
7:45:00,Friday,Unknown,Male,Junior high school,Owner,5-10yr,Other,Owner,,,Residential areas,Two-way (divided with broken lines road marking),Tangent road with flat terrain,No junction,Asphalt roads,Dry,Daylight,Normal,Vehicle with vehicle collision,2,1,Going straight,3,Moving Backward,Slight Injury,1.0986122886681096,0.6931471805599453
7:46:00,Tuesday,18-30,Male,Above high school,Employee,5-10yr,Private Vehicle,Owner,5-10yrs,,Office areas,Two-way (divided with broken lines road marking),Tangent road with flat terrain,Y Shape,Asphalt roads,Dry,Daylight,Normal,Vehicle with vehicle collision,2,2,Going straight,na,Speeding,Slight Injury,1.0986122886681096,1.0986122886681096
7:46:00,Tuesday,18-30,Male,Junior high school,Employee,5-10yr,Private Vehicle,Owner,5-10yrs,,Residential areas,Undivided Two way,Tangent road with flat terrain,Y Shape,Asphalt roads,Dry,Daylight,Normal,Vehicle with vehicle collision,2,2,Moving Backward,2,Unsafe Lane Change,Slight Injury,1.0986122886681096,1.0986122886681096
20:15:00,Saturday,31-50,Male,Junior high school,Employee,Above 10yr,Private Vehicle,Owner,2-5yrs,,Office areas,Double carriageway (median),Tangent road with flat terrain,Crossing,Asphalt roads,Dry,Darkness - lights lit,Normal,Collision with roadside objects,2,1,Moving Backward,3,Unsafe Lane Change,Slight Injury,1.0986122886681096,0.6931471805599453
20:15:00,Saturday,Unknown,Male,Junior high school,Employee,1-2yr,Commercial Vehicle,Owner,2-5yrs,No defect,Office areas,Double carriageway (median),Tangent road with flat terrain,Crossing,Asphalt roads,Dry,Darkness - lights lit,Normal,Vehicle with vehicle collision,2,1,Going straight,3,Speeding,Slight Injury,1.0986122886681096,0.6931471805599453
16:14:00,Monday,18-30,Male,Junior high school,Employee,2-5yr,Commercial Vehicle,,,No defect,Other,Two-way (divided with broken lines road marking),Tangent road with flat terrain,Crossing,Asphalt roads,Dry,Daylight,Normal,Collision with roadside objects,1,1,Going straight,3,Overloading,Slight Injury,0.6931471805599453,0.6931471805599453
16:25:00,Tuesday,18-30,Male,Junior high school,Employee,Below 1yr,Private Vehicle,Owner,Unknown,No defect,Other,Two-way (divided with broken lines road marking),Tangent road with flat terrain,Crossing,Asphalt roads,Dry,Daylight,Normal,Vehicle with vehicle collision,2,1,Going straight,na,Other,Serious Injury,1.0986122886681096,0.6931471805599453
16:25:00,Tuesday,18-30,Male,Junior high school,Employee,Above 10yr,Private Vehicle,Owner,Above 10yr,No defect,Residential areas,Two-way (divided with broken lines road marking),Tangent road with flat terrain,Crossing,Asphalt roads with some distress,Dry,Daylight,Normal,Rollover,2,1,Going straight,3,Priority Violation,Serious Injury,1.0986122886681096,0.6931471805599453
21:34:00,Sunday,Unknown,Female,Junior high school,Employee,1-2yr,Commercial Vehicle,Owner,Unknown,, Church areas,Two-way (divided with broken lines road marking),Tangent road with flat terrain,No junction,Asphalt roads,Dry,Darkness - lights lit,Normal,Vehicle with vehicle collision,2,1,Going straight,na,Unsafe Lane Change,Serious Injury,1.0986122886681096,0.6931471805599453
21:34:00,Sunday,18-30,Male,Above high school,Employee,5-10yr,Commercial Vehicle,Governmental,Unknown,No defect, Church areas,Double carriageway (median),Tangent road with flat terrain,No junction,Asphalt roads,Dry,Darkness - lights lit,Normal,Vehicle with vehicle collision,2,1,Going straight,3,Moving Backward,Serious Injury,1.0986122886681096,0.6931471805599453
14:00:00,Saturday,Unknown,Male,Junior high school,Employee,5-10yr,Commercial Vehicle,Owner,2-5yrs,No defect,Residential areas,Double carriageway (median),Tangent road with flat terrain,Y Shape,Asphalt roads,Dry,Daylight,Normal,Vehicle with vehicle collision,2,1,Going straight,na,Unsafe Lane Change,Serious Injury,1.0986122886681096,0.6931471805599453
14:00:00,Saturday,18-30,Male,Elementary school,Owner,Below 1yr,Commercial Vehicle,Owner,,No defect,Office areas,Two-way (divided with broken lines road marking),Tangent road with mild grade and flat terrain,Y Shape,Asphalt roads,Dry,Daylight,Normal,Vehicle with vehicle collision,2,1,Going straight,3,Priority Violation,Serious Injury,1.0986122886681096,0.6931471805599453
12:19:00,Monday,Over 51,Male,,,,Commercial Vehicle,Owner,5-10yrs,No defect,Office areas,Two-way (divided with broken lines road marking),Tangent road with mild grade and flat terrain,Y Shape,Asphalt roads,Dry,Daylight,Normal,Vehicle with vehicle collision,2,1,Going straight,3,No Distance,Slight Injury,1.0986122886681096,0.6931471805599453
12:19:00,Monday,18-30,Male,Junior high school,Employee,Above 10yr,Private Vehicle,Owner,2-5yrs,,Residential areas,Two-way (divided with broken lines road marking),Tangent road with flat terrain,Y Shape,Asphalt roads,Dry,Daylight,Normal,Collision with pedestrians,2,1,Going straight,3,Priority Violation,Slight Injury,1.0986122886681096,0.6931471805599453
11:49:00,Wednesday,Over 51,Male,Junior high school,,,Other,Owner,5-10yrs,, Church areas,other,Tangent road with flat terrain,No junction,Asphalt roads,Dry,Daylight,Normal,Rollover,1,1,Other,na,No Distance,Serious Injury,0.6931471805599453,0.6931471805599453