Time,Day_of_week,Age_band_of_driver,Sex_of_driver,Educational_level,Vehicle_driver_relation,Driving_experience,Type_of_vehicle,Owner_of_vehicle,Service_year_of_vehicle,Defect_of_vehicle,Area_accident_occured,Lanes_or_Medians,Road_allignment,Types_of_Junction,Road_surface_type,Road_surface_conditions,Light_conditions,Weather_conditions,Type_of_collision,Number_of_vehicles_involved,Number_of_casualties,Vehicle_movement,Casualty_severity,Cause_of_accident,Accident_severity,Number_of_vehicles_involved_log,Number_of_casualties_log
18:00:00,Saturday,Over 51,Male,Junior high school,Employee,5-10yr,Commercial Vehicle,Owner,Above 10yr,No defect,Office areas,Undivided Two way,Tangent road with flat terrain,No junction,Asphalt roads,Dry,Daylight,Normal,Vehicle with vehicle collision,2,1,Turnover,3,No Distance,Slight Injury,1.0986122886681096,0.6931471805599453
18:00:00,Tuesday,Under 18,Female,Junior high school,Employee,5-10yr,Private Vehicle,Owner,Above 10yr,No defect,Residential areas,Undivided Two way,Tangent road with flat terrain,No junction,Asphalt roads,Dry,Daylight,Unknown,Vehicle with vehicle collision,1,1,Going straight,3,No Distance,Serious Injury,0.6931471805599453,0.6931471805599453
17:20:00,Thursday,31-50,Male,Junior high school,Employee,Above 10yr,Other,Owner,Above 10yr,No defect,Other,One way,Steep grade downward with mountainous terrain,No junction,Asphalt roads,Dry,Daylight,Normal,Vehicle with vehicle collision,2,1,Going straight,na,Unsafe Lane Change,Slight Injury,1.0986122886681096,0.6931471805599453
17:20:00,Thursday,Unknown,Male,Junior high school,Employee,5-10yr,Private Vehicle,Owner,Above 10yr,No defect,Residential areas,Two-way (divided with broken lines road marking),Tangent road with flat terrain,No junction,Asphalt roads,Dry,Daylight,Normal,Vehicle with vehicle collision,2,1,Getting off,3,Unsafe Lane Change,Slight Injury,1.0986122886681096,0.6931471805599453
12:20:00,Friday,Unknown,Male,Junior high school,Employee,No Licence,Commercial Vehicle,Owner,5-10yrs,No defect,Residential areas,Undivided Two way,Tangent road with flat terrain,No junction,Asphalt roads,Dry,Daylight,Normal,Vehicle with vehicle collision,2,1,Moving Backward,na,Priority Violation,Slight Injury,1.0986122886681096,0.6931471805599453
12:20:00,Friday,Under 18,Male,Above high school,Employee,Below 1yr,Private Vehicle,Owner,,No defect,Residential areas,Two-way (divided with broken lines road marking),Tangent road with flat terrain,No junction,Earth roads,Dry,Daylight,Normal,Collision with pedestrians,2,1,Getting off,3,Unsafe Lane Change,Slight Injury,1.0986122886681096,0.6931471805599453
18:00:00,Friday,31-50,Male,Elementary school,Employee,5-10yr,Private Vehicle,Owner,1-2yr,No defect,Other,other,Tangent road with flat terrain,Other,Asphalt roads,Dry,Daylight,Normal,Vehicle with vehicle collision,3,2,Overtaking,na,Priority Violation,Slight Injury,1.3862943611198906,1.0986122886681096
18:00:00,Friday,Over 51,Male,Elementary school,Employee,5-10yr,Commercial Vehicle,Owner,5-10yrs,No defect,Other,Undivided Two way,Tangent road with flat terrain,Other,Asphalt roads,Dry,Daylight,Normal,Collision with roadside objects,3,2,Going straight,3,Moving Backward,Slight Injury,1.3862943611198906,1.0986122886681096
18:00:00,Friday,Over 51,Male,Junior high school,Employee,5-10yr,Private Vehicle,Owner,5-10yrs,No defect,Other,One way,Tangent road with flat terrain,Other,Asphalt roads,Dry,Daylight,Normal,Vehicle with vehicle collision,3,2,Going straight,na,Unsafe Lane Change,Slight Injury,1.3862943611198906,1.0986122886681096
18:00:00,Friday,Over 51,Male,High school,Employee,5-10yr,Private Vehicle,Owner,1-2yr,No defect, Hospital areas,Undivided Two way,Tangent road with flat terrain,Other,Asphalt roads,Dry,Daylight,Normal,Collision with roadside objects,3,2,Going straight,na,No Distance,Slight Injury,1.3862943611198906,1.0986122886681096
1:20:00,Sunday,31-50,Male,Junior high school,Employee,5-10yr,Commercial Vehicle,Owner,2-5yrs,No defect,Residential areas,Undivided Two way,Tangent road with flat terrain,Y Shape,Asphalt roads,Wet or damp,Darkness - lights lit,Raining,Vehicle with vehicle collision,1,1,Reversing,3,No Distance,Slight Injury,0.6931471805599453,0.6931471805599453
7:10:00,Thursday,18-30,Male,Junior high school,Employee,2-5yr,Public Transport,Owner,5-10yrs,No defect,Residential areas,One way,Tangent road with flat terrain,No junction,Asphalt roads,Dry,Daylight,Normal,Vehicle with vehicle collision,2,1,Getting off,3,No Distance,Slight Injury,1.0986122886681096,0.6931471805599453
7:10:00,Thursday,31-50,Male,Writing & reading,Employee,5-10yr,Private Vehicle,Owner,5-10yrs,No defect,Residential areas,Undivided Two way,Tangent road with flat terrain,No junction,Asphalt roads,Dry,Daylight,Normal,Collision with pedestrians,2,1,Going straight,3,Unsafe Lane Change,Slight Injury,1.0986122886681096,0.6931471805599453
8:23:00,Tuesday,31-50,Male,Junior high school,Employee,Above 10yr,Commercial Vehicle,Owner,1-2yr,No defect,Other,Two-way (divided with broken lines road marking),Tangent road with flat terrain,Crossing,Asphalt roads,Wet or damp,Daylight,Raining,Vehicle with vehicle collision,2,1,Going straight,na,Priority Violation,Slight Injury,1.0986122886681096,0.6931471805599453
8:23:00,Tuesday,Unknown,Male,Junior high school,Employee,1-2yr,Private Vehicle,Owner,1-2yr,No defect,Office areas,Two-way (divided with broken lines road marking),Tangent road with flat terrain,Crossing,Gravel roads,Wet or damp,Daylight,Raining,Vehicle with vehicle collision,2,1,Going straight,3,Speeding,Slight Injury,1.0986122886681096,0.6931471805599453
17:25:00,Tuesday,18-30,Male,Writing & reading,Employee,Below 1yr,Public Transport,Owner,2-5yrs,No defect,Other,other,Tangent road with flat terrain,Crossing,Asphalt roads,Wet or damp,Daylight,Raining,Vehicle with vehicle collision,2,2,Reversing,na,Speeding,Slight Injury,1.0986122886681096,1.0986122886681096
17:25:00,Tuesday,Over 51,Male,Elementary school,Employee,1-2yr,Commercial Vehicle,Owner,Unknown,No defect,Office areas,Double carriageway (median),Tangent road with flat terrain,Crossing,Asphalt roads,Wet or damp,Daylight,Raining,Vehicle with vehicle collision,2,2,Going straight,3,Other,Slight Injury,1.0986122886681096,1.0986122886681096
8:17:00,Wednesday,Over 51,Male,Junior high school,Employee,5-10yr,Commercial Vehicle,Owner,Unknown,No defect,Residential areas,Two-way (divided with broken lines road marking),Tangent road with flat terrain,No junction,Asphalt roads,Wet or damp,Daylight,Other,Collision with pedestrians,1,1,Stopping,3,Unsafe Lane Change,Serious Injury,0.6931471805599453,0.6931471805599453
18:37:00,Thursday,Under 18,Male,Elementary school,Employee,Above 10yr,Commercial Vehicle,Owner,Unknown,No defect,Office areas,Double carriageway (median),Gentle horizontal curve,Other,Asphalt roads,Dry,Daylight,Normal,Vehicle with vehicle collision,2,2,Overtaking,3,Priority Violation,Serious Injury,1.0986122886681096,1.0986122886681096
18:37:00,Thursday,Under 18,Male,Junior high school,Employee,5-10yr,Other,Owner,,No defect,Office areas,Double carriageway (median),Tangent road with flat terrain,Other,Asphalt roads,Dry,Daylight,Normal,Vehicle with vehicle collision,2,2,Going straight,na,Unsafe Lane Change,Serious Injury,1.0986122886681096,1.0986122886681096
18:37:00,Thursday,Under 18,Male,Elementary school,Employee,2-5yr,Private Vehicle,Organization,Unknown,No defect,Other,Double carriageway (median),Tangent road with flat terrain,Other,Asphalt roads,Dry,Daylight,Normal,Vehicle with vehicle collision,2,2,Reversing,3,No Distance,Serious Injury,1.0986122886681096,1.0986122886681096
11:00:00,Wednesday,Unknown,Male,Junior high school,Employee,2-5yr,Commercial Vehicle,Owner,Unknown,No defect,Office areas,Two-way (divided with broken lines road marking),Tangent road with flat terrain,No junction,Asphalt roads,Dry,Daylight,Normal,Vehicle with vehicle collision,1,1,Going straight,3,Moving Backward,Serious Injury,0.6931471805599453,0.6931471805599453
9:30:00,Sunday,Over 51,Male,Junior high school,Employee,Above 10yr,Commercial Vehicle,Owner,Unknown,No defect,Office areas,Two-way (divided with broken lines road marking),Tangent road with flat terrain,No junction,Asphalt roads,Dry,Daylight,Normal,Collision with roadside objects,2,1,Going straight,na,Unsafe Lane Change,Slight Injury,1.0986122886681096,0.6931471805599453
9:30:00,Sunday,31-50,Male,Junior high school,Employee,2-5yr,Commercial Vehicle,Governmental,Unknown,,Office areas,One way,Tangent road with flat terrain,No junction,Asphalt roads,Dry,Daylight,Normal,Vehicle with vehicle collision,2,1,Reversing,3,Other,Slight Injury,1.0986122886681096,0.6931471805599453
14:35:00,Monday,Unknown,Female,Junior high school,Owner,Below 1yr,Private Vehicle,Owner,Unknown,,Other,Undivided Two way,Tangent road with flat terrain,No junction,Asphalt roads,Dry,Daylight,Normal,Vehicle with vehicle collision,2,1,Going straight,3,No Distance,Slight Injury,1.0986122886681096,0.6931471805599453
14:35:00,Monday,18-30,Male,Junior high school,Employee,2-5yr,Public Transport,Owner,Unknown,,Residential areas,Two-way (divided with broken lines road marking),Tangent road with flat terrain,No junction,Asphalt roads,Dry,Daylight,Normal,Vehicle with vehicle collision,2,1,Waiting to go,3,Moving Backward,Slight Injury,1.0986122886681096,0.6931471805599453
18:05:00,Wednesday,Over 51,Male,Junior high school,Employee,Above 10yr,Public Transport,Owner,2-5yrs,No defect,Residential areas,Two-way (divided with broken lines road marking),Gentle horizontal curve,Y Shape,Asphalt roads,Dry,Daylight,Normal,Vehicle with vehicle collision,3,2,Going straight,na,No Distance,Slight Injury,1.3862943611198906,1.0986122886681096
18:05:00,Wednesday,Under 18,Male,Junior high school,Employee,2-5yr,Commercial Vehicle,Owner,5-10yrs,, Church areas,Two-way (divided with broken lines road marking),Tangent road with flat terrain,Y Shape,Asphalt roads,Dry,Daylight,Normal,Collision with roadside objects,3,2,Going straight,3,Unsafe Lane Change,Slight Injury,1.3862943611198906,1.0986122886681096
18:05:00,Wednesday,Under 18,Male,Elementary school,Employee,Above 10yr,Commercial Vehicle,Owner,5-10yrs,,Other,Two-way (divided with broken lines road marking),Tangent road with flat terrain,Y Shape,Asphalt roads,Dry,Daylight,Normal,Vehicle with vehicle collision,3,2,Going straight,2,Unsafe Lane Change,Slight Injury,1.3862943611198906,1.0986122886681096
18:05:00,Wednesday,Over 51,Male,Elementary school,Employee,Above 10yr,Commercial Vehicle,Owner,Unknown,,Residential areas,Two-way (divided with broken lines road marking),Tangent road with flat terrain,Y Shape,Asphalt roads,Dry,Daylight,Normal,Vehicle with vehicle collision,3,2,Going straight,na,Priority Violation,Slight Injury,1.3862943611198906,1.0986122886681096
12:55:00,Wednesday,18-30,Male,Elementary school,Other,Above 10yr,Commercial Vehicle,Owner,2-5yrs,,Other,Undivided Two way,Tangent road with flat terrain,Y Shape,Asphalt roads,Dry,Daylight,Normal,Vehicle with vehicle collision,2,1,Getting off,2,Unsafe Lane Change,Slight Injury,1.0986122886681096,0.6931471805599453
12:55:00,Wednesday,31-50,Male,Junior high school,Employee,Above 10yr,Special Vehicle,Owner,2-5yrs,,Residential areas,Undivided Two way,Tangent road with flat terrain,Y Shape,Asphalt roads,Dry,Daylight,Normal,Vehicle with vehicle collision,2,1,Going straight,na,Driving carelessly,Slight Injury,1.0986122886681096,0.6931471805599453
0:36:00,Tuesday,Unknown,Male,Junior high school,Employee,Below 1yr,Commercial Vehicle,Owner,2-5yrs,,Residential areas,Two-way (divided with broken lines road marking),Tangent road with flat terrain,No junction,Asphalt roads,Dry,Darkness - lights lit,Normal,Vehicle with vehicle collision,3,1,Going straight,3,Driving carelessly,Serious Injury,1.3862943611198906,0.6931471805599453
0:36:00,Tuesday,31-50,Male,Elementary school,Employee,5-10yr,Commercial Vehicle,Owner,5-10yrs,No defect,Other,Two-way (divided with broken lines road marking),Tangent road with flat terrain,No junction,Asphalt roads,Dry,Darkness - lights lit,Normal,Vehicle with vehicle collision,3,1,Going straight,na,Priority Violation,Serious Injury,1.3862943611198906,0.6931471805599453
0:36:00,Tuesday,18-30,Male,Junior high school,Employee,2-5yr,Public Transport,,,,Other,Two-way (divided with broken lines road marking),Tangent road with flat terrain,No junction,Asphalt roads,Dry,Darkness - lights lit,Normal,Vehicle with vehicle collision,3,1,Reversing,3,Improper Parking/Exit,Serious Injury,1.3862943611198906,0.6931471805599453
15:42:00,Sunday,Unknown,Female,Junior high school,Employee,Above 10yr,Private Vehicle,Owner,Unknown,No defect,Other,Undivided Two way,Tangent road with flat terrain,Y Shape,Earth roads,Flood over 3cm. deep,Daylight,Raining,Vehicle with vehicle collision,2,1,Turnover,2,No Distance,Slight Injury,1.0986122886681096,0.6931471805599453
15:42:00,Sunday,18-30,Male,Junior high school,Employee,Below 1yr,Private Vehicle,Owner,Unknown,No defect,Other,Double carriageway (median),Tangent road with flat terrain,Y Shape,Asphalt roads,Flood over 3cm. deep,Daylight,Raining,Vehicle with vehicle collision,2,1,Going straight,3,Unsafe Lane Change,Slight Injury,1.0986122886681096,0.6931471805599453
1:15:00,Sunday,18-30,Male,Junior high school,Owner,2-5yr,Commercial Vehicle,Owner,Unknown,,Residential areas,Two-way (divided with broken lines road marking),Tangent road with flat terrain,Y Shape,Asphalt roads,Dry,Darkness - lights lit,Normal,Vehicle with vehicle collision,1,2,Going straight,na,Priority Violation,Serious Injury,0.6931471805599453,1.0986122886681096
1:15:00,Sunday,18-30,Male,Junior high school,Employee,Above 10yr,Private Vehicle,Owner,2-5yrs,,  Recreational areas,Undivided Two way,Tangent road with flat terrain,Y Shape,Asphalt roads,Dry,Darkness - lights lit,Normal,Vehicle with vehicle collision,1,2,Going straight,3,No Distance,Serious Injury,0.6931471805599453,1.0986122886681096
1:25:00,Sunday,18-30,Male,Writing & reading,Employee,2-5yr,Private Vehicle,Owner,,,Other,other,Tangent road with flat terrain,No junction,Asphalt roads,Dry,Darkness - no lighting,Normal,Collision with roadside objects,2,1,Going straight,na,Priority Violation,Slight Injury,1.0986122886681096,0.6931471805599453
1:25:00,Sunday,31-50,Male,Junior high school,Employee,2-5yr,Private Vehicle,Owner,,,Office areas,Undivided Two way,Tangent road with flat terrain,No junction,Asphalt roads,Dry,Darkness - no lighting,Normal,Collision with roadside objects,2,1,Getting off,3,Priority Violation,Slight Injury,1.0986122886681096,0.6931471805599453
21:00:00,Sunday,Under 18,Male,High school,Employee,2-5yr,Private Vehicle,,,,Other,Undivided Two way,Tangent road with flat terrain,No junction,Asphalt roads,Dry,Darkness - no lighting,Normal,Collision with roadside objects,2,1,Going straight,na,Priority Violation,Slight Injury,1.0986122886681096,0.6931471805599453
21:00:00,Sunday,Under 18,Male,Junior high school,Employee,1-2yr,Private Vehicle,Owner,Unknown,,Office areas,Undivided Two way,Tangent road with flat terrain,No junction,Asphalt roads,Dry,Darkness - no lighting,Normal,Collision with pedestrians,2,1,Going straight,3,Driving carelessly,Slight Injury,1.0986122886681096,0.6931471805599453
16:50:00,Wednesday,18-30,Male,High school,Employee,5-10yr,Commercial Vehicle,Owner,Unknown,,Office areas,One way,Tangent road with flat terrain,No junction,Gravel roads,Dry,Daylight,Normal,Vehicle with vehicle collision,2,2,Going straight,na,Unsafe Lane Change,Slight Injury,1.0986122886681096,1.0986122886681096
16:50:00,Wednesday,31-50,Male,Elementary school,Employee,2-5yr,Public Transport,Owner,Unknown,,Office areas,Undivided Two way,Tangent road with flat terrain,No junction,Asphalt roads,Dry,Daylight,Normal,Vehicle with vehicle collision,2,2,Going straight,2,Unsafe Lane Change,Slight Injury,1.0986122886681096,1.0986122886681096
16:50:00,Wednesday,31-50,Male,Junior high school,Employee,1-2yr,Public Transport,Owner,Unknown,No defect,Other,Undivided Two way,Tangent road with flat terrain,No junction,Asphalt roads,Dry,Daylight,Normal,Collision with pedestrians,2,2,Going straight,3,Moving Backward,Slight Injury,1.0986122886681096,1.0986122886681096
14:40:00,Tuesday,18-30,Male,Elementary school,Employee,1-2yr,Commercial Vehicle,Governmental,Unknown,,Other,Double carriageway (median),Tangent road with flat terrain,No junction,Asphalt roads,Dry,Daylight,Normal,Vehicle with vehicle collision,2,1,Going straight,3,Driving carelessly,Slight Injury,1.0986122886681096,0.6931471805599453
14:40:00,Tuesday,18-30,Male,High school,Employee,No Licence,Commercial Vehicle,Owner,Unknown,No defect,Office areas,Two-way (divided with solid lines road marking),Tangent road with flat terrain,No junction,Other,Dry,Daylight,Normal,Vehicle with vehicle collision,2,1,Going straight,na,Unsafe Lane Change,Slight Injury,1.0986122886681096,0.6931471805599453
2:00:00,Friday,Unknown,Female,Junior high school,Owner,5-10yr,Commercial Vehicle,Owner,Unknown,,Residential areas,other,Tangent road with flat terrain,Y Shape,Asphalt roads,Dry,Darkness - lights lit,Unknown,Vehicle with vehicle collision,2,1,Going straight,na,Unsafe Lane Change,Slight Injury,1.0986122886681096,0.6931471805599453
2:00:00,Friday,Under 18,Male,Junior high school,Employee,1-2yr,Private Vehicle,Governmental,2-5yrs,,  Recreational areas,Undivided Two way,Tangent road with flat terrain,Y Shape,Asphalt roads,Dry,Darkness - lights lit,Unknown,Vehicle with vehicle collision,2,1,Going straight,3,Priority Violation,Slight Injury,1.0986122886681096,0.6931471805599453
18:10:00,Saturday,31-50,Male,Junior high school,Employee,2-5yr,Private Vehicle,Owner,1-2yr,No defect,Other,other,Tangent road with flat terrain,No junction,Asphalt roads,Dry,Daylight,Normal,Vehicle with vehicle collision,2,1,Going straight,na,Unsafe Lane Change,Serious Injury,1.0986122886681096,0.6931471805599453
18:10:00,Saturday,Unknown,Male,Junior high school,Employee,5-10yr,Private Vehicle,Owner,Above 10yr,No defect,Residential areas,other,Tangent road with flat terrain,No junction,Asphalt roads,Dry,Daylight,Normal,Vehicle with vehicle collision,2,1,Reversing,2,Unsafe Lane Change,Serious Injury,1.0986122886681096,0.6931471805599453
19:15:00,Wednesday,31-50,Male,,,,Commercial Vehicle,Owner,Unknown,No defect,Other,other,Tangent road with flat terrain,Other,Asphalt roads,Dry,Daylight,Normal,Collision with roadside objects,2,1,Going straight,3,Driving carelessly,Slight Injury,1.0986122886681096,0.6931471805599453
19:15:00,Wednesday,Unknown,Male,,,,Commercial Vehicle,Owner,Unknown,,Other,other,Tangent road with flat terrain,Other,Asphalt roads,Dry,Daylight,Normal,Collision with pedestrians,2,1,Turnover,na,No Distance,Slight Injury,1.0986122886681096,0.6931471805599453
6:28:00,Wednesday,31-50,Male,Junior high school,Employee,2-5yr,Private Vehicle,Owner,5-10yrs,,Other,One way,Tangent road with flat terrain,No junction,Asphalt roads,Dry,Daylight,Normal,Vehicle with vehicle collision,2,1,Going straight,na,Improper Parking/Exit,Slight Injury,1.0986122886681096,0.6931471805599453
6:28:00,Wednesday,31-50,Male,Junior high school,Employee,Above 10yr,Private Vehicle,Owner,Unknown,No defect,Other,Two-way (divided with broken lines road marking),Tangent road with flat terrain,No junction,Asphalt roads,Dry,Daylight,Normal,Vehicle with vehicle collision,2,1,Going straight,3,DUI (Drugs/Alcohol),Slight Injury,1.0986122886681096,0.6931471805599453
13:15:00,Monday,18-30,Male,Junior high school,Owner,Above 10yr,Private Vehicle,Owner,2-5yrs,No defect,Other,other,Tangent road with flat terrain,No junction,Asphalt roads,Dry,Daylight,Normal,Collision with roadside objects,2,2,Going straight,3,Unsafe Lane Change,Slight Injury,1.0986122886681096,1.0986122886681096
13:15:00,Monday,18-30,Male,,,,Other,Owner,Unknown,No defect,School areas,Undivided Two way,Tangent road with flat terrain,No junction,Asphalt roads,Dry,Daylight,Normal,Vehicle with vehicle collision,2,2,Going straight,na,Driving carelessly,Slight Injury,1.0986122886681096,1.0986122886681096
13:15:00,Monday,18-30,Male,Elementary school,Owner,Above 10yr,Special Vehicle,Owner,,No defect,Office areas,Two-way (divided with broken lines road marking),Tangent road with flat terrain,No junction,Asphalt roads,Dry,Daylight,Normal,Vehicle with vehicle collision,2,2,Reversing,3,Moving Backward,Slight Injury,1.0986122886681096,1.0986122886681096
14:30:00,Monday,Over 51,Male,,,,Commercial Vehicle,Owner,Unknown,No defect,Office areas,Two-way (divided with broken lines road marking),Tangent road with flat terrain,No junction,Asphalt roads,Dry,Daylight,Normal,Vehicle with vehicle collision,2,1,Going straight,na,Unsafe Lane Change,Slight Injury,1.0986122886681096,0.6931471805599453
14:30:00,Monday,Over 51,Male,Junior high school,Owner,5-10yr,Commercial Vehicle,Owner,5-10yrs,No defect,Office areas,Two-way (divided with broken lines road marking),Tangent road with flat terrain,No junction,Asphalt roads,Dry,Daylight,Normal,Vehicle with vehicle collision,2,1,Turnover,3,Unsafe Lane Change,Slight Injury,1.0986122886681096,0.6931471805599453
20:20:00,Wednesday,31-50,Male,Junior high school,Owner,Above 10yr,Commercial Vehicle,Owner,Unknown,No defect,School areas,Two-way (divided with broken lines road marking),Tangent road with flat terrain,Y Shape,Asphalt roads,Dry,Daylight,Normal,Vehicle with vehicle collision,2,1,Going straight,na,Driving carelessly,Serious Injury,1.0986122886681096,0.6931471805599453
20:20:00,Wednesday,31-50,Male,High school,Owner,Above 10yr,Commercial Vehicle,Governmental,,No defect,School areas,Undivided Two way,Tangent road with flat terrain,Y Shape,Gravel roads,Dry,Daylight,Normal,Vehicle with vehicle collision,2,1,Going straight,na,Priority Violation,Serious Injury,1.0986122886681096,0.6931471805599453
6:15:00,Tuesday,31-50,Male,,,,Private Vehicle,Owner,,No defect,Office areas,Two-way (divided with broken lines road marking),Tangent road with flat terrain,Crossing,Asphalt roads,Dry,Daylight,Unknown,Vehicle with vehicle collision,2,1,Going straight,3,Moving Backward,Slight Injury,1.0986122886681096,0.6931471805599453
6:15:00,Tuesday,31-50,Male,Elementary school,Employee,5-10yr,Private Vehicle,Owner,,No defect,Office areas,Two-way (divided with broken lines road marking),Tangent road with flat terrain,Crossing,Asphalt roads,Dry,Daylight,Unknown,Vehicle with vehicle collision,2,1,Going straight,na,Unsafe Lane Change,Slight Injury,1.0986122886681096,0.6931471805599453
14:45:00,Saturday,Over 51,Male,Elementary school,Owner,Above 10yr,Private Vehicle,Governmental,Above 10yr,No defect,School areas,Two-way (divided with broken lines road marking),Tangent road with flat terrain,Y Shape,Asphalt roads,Dry,Daylight,Normal,Collision with roadside objects,2,1,Going straight,na,Reckless Driving,Slight Injury,1.0986122886681096,0.6931471805599453
14:45:00,Saturday,31-50,Male,Junior high school,Owner,Below 1yr,Private Vehicle,Owner,1-2yr,No defect,,Two-way (divided with broken lines road marking),Tangent road with flat terrain,Y Shape,Other,Dry,Daylight,Normal,Collision with roadside objects,2,1,Getting off,3,No Distance,Slight Injury,1.0986122886681096,0.6931471805599453
12:10:00,Saturday,18-30,Male,Junior high school,Owner,2-5yr,Private Vehicle,Owner,Above 10yr,No defect,Other,Two-way (divided with broken lines road marking),Tangent road with flat terrain,No junction,Asphalt roads,Dry,Daylight,Normal,Collision with roadside objects,1,1,Moving Backward,2,Driving carelessly,Fatal injury,0.6931471805599453,0.6931471805599453
18:10:00,Tuesday,18-30,Male,Junior high school,Owner,2-5yr,Private Vehicle,Owner,Below 1yr,No defect,Other,Undivided Two way,Tangent road with flat terrain,No junction,Other,Dry,Daylight,Normal,Vehicle with vehicle collision,2,1,Going straight,na,No Distance,Slight Injury,1.0986122886681096,0.6931471805599453
18:10:00,Tuesday,Unknown,Male,High school,Owner,5-10yr,Public Transport,Owner,Above 10yr,No defect,Other,Two-way (divided with broken lines road marking),Tangent road with flat terrain,No junction,Asphalt roads,Dry,Daylight,Normal,Collision with pedestrians,2,1,Turnover,na,Unsafe Lane Change,Slight Injury,1.0986122886681096,0.6931471805599453
6:51:00,Monday,18-30,Male,Junior high school,Owner,,Public Transport,Owner,Unknown,No defect,Residential areas,Undivided Two way,Tangent road with flat terrain,No junction,Asphalt roads,Dry,Daylight,Normal,Vehicle with vehicle collision,2,1,Going straight,3,Priority Violation,Slight Injury,1.0986122886681096,0.6931471805599453
6:51:00,Monday,31-50,Male,,Owner,Below 1yr,Private Vehicle,Governmental,1-2yr,No defect,Other,Undivided Two way,Tangent road with flat terrain,No junction,Asphalt roads,Dry,Daylight,Normal,Collision with pedestrians,2,1,,3,No Distance,Slight Injury,1.0986122886681096,0.6931471805599453
14:30:00,Wednesday,Unknown,Male,Elementary school,Owner,Above 10yr,Private Vehicle,Owner,1-2yr,No defect,Other,Undivided Two way,Tangent road with flat terrain,No junction,Asphalt roads,Dry,Daylight,Normal,Vehicle with vehicle collision,2,2,Going straight,3,No Distance,Slight Injury,1.0986122886681096,1.0986122886681096
14:30:00,Wednesday,Over 51,Male,Elementary school,Owner,Below 1yr,Non-Motorized,Owner,,No defect, Industrial areas,Undivided Two way,Tangent road with flat terrain,No junction,Asphalt roads,Dry,Daylight,Normal,Collision with pedestrians,2,2,Going straight,3,Unsafe Lane Change,Slight Injury,1.0986122886681096,1.0986122886681096
14:30:00,Wednesday,Over 51,Male,Junior high school,Owner,5-10yr,Private Vehicle,Owner,,No defect,  Recreational areas,Undivided Two way,Tangent road with flat terrain,No junction,Asphalt roads,Dry,Daylight,Normal,Vehicle with vehicle collision,2,2,Going straight,na,No Distance,Slight Injury,1.0986122886681096,1.0986122886681096
15:40:00,Saturday,Unknown,Female,Junior high school,Owner,5-10yr,Commercial Vehicle,Owner,Above 10yr,No defect, Church areas,Two-way (divided with broken lines road marking),Tangent road with flat terrain,Y Shape,Asphalt roads,Dry,Daylight,Normal,Vehicle with vehicle collision,2,1,Going straight,3,Unsafe Lane Change,Slight Injury,1.0986122886681096,0.6931471805599453
15:40:00,Saturday,18-30,Male,,Owner,,Private Vehicle,Owner,,,Office areas,Two-way (divided with broken lines road marking),Tangent road with flat terrain,Y Shape,Asphalt roads,Dry,Daylight,Normal,Vehicle with vehicle collision,2,1,Turnover,na,No Distance,Slight Injury,1.0986122886681096,0.6931471805599453
16:17:00,Wednesday,18-30,Male,Junior high school,Employee,1-2yr,Public Transport,Owner,,,Other,Two-way (divided with broken lines road marking),Tangent road with flat terrain,No junction,Asphalt roads,Wet or damp,Daylight,Raining,Vehicle with vehicle collision,2,1,Turnover,3,No Distance,Slight Injury,1.0986122886681096,0.6931471805599453
16:17:00,Wednesday,31-50,Male,High school,Owner,5-10yr,Special Vehicle,Owner,,,Office areas,Undivided Two way,Tangent road with flat terrain,No junction,Asphalt roads,Wet or damp,Daylight,Raining,Vehicle with vehicle collision,2,1,Going straight,3,No Distance,Slight Injury,1.0986122886681096,0.6931471805599453
18:16:00,Thursday,31-50,Male,Junior high school,Employee,5-10yr,Private Vehicle,Owner,,,Office areas,Two-way (divided with broken lines road marking),Tangent road with flat terrain,No junction,Asphalt roads,Dry,Daylight,Normal,Vehicle with vehicle collision,2,1,Getting off,3,Unsafe Lane Change,Slight Injury,1.0986122886681096,0.6931471805599453
18:16:00,Thursday,31-50,Male,Junior high school,Employee,5-10yr,Public Transport,Owner,,,Other,Two-way (divided with broken lines road marking),Tangent road with flat terrain,No junction,Asphalt roads,Dry,Daylight,Normal,Vehicle with vehicle collision,2,1,Getting off,3,Unsafe Lane Change,Slight Injury,1.0986122886681096,0.6931471805599453
12:05:00,Thursday,18-30,Male,Junior high school,Employee,5-10yr,Private Vehicle,Owner,Above 10yr,,Residential areas,Undivided Two way,Tangent road with flat terrain,Crossing,Asphalt roads,Dry,Daylight,Normal,Vehicle with vehicle collision,2,2,Going straight,3,Moving Backward,Slight Injury,1.0986122886681096,1.0986122886681096
12:05:00,Thursday,31-50,Male,Junior high school,Employee,Above 10yr,Commercial Vehicle,Owner,Above 10yr,,Office areas,other,Tangent road with mountainous terrain and,Crossing,Asphalt roads,Dry,Daylight,Normal,Vehicle with vehicle collision,2,2,Overtaking,na,Unsafe Lane Change,Slight Injury,1.0986122886681096,1.0986122886681096
12:15:00,Saturday,Over 51,Male,Junior high school,Employee,5-10yr,Commercial Vehicle,Owner,Above 10yr,No defect,Residential areas,other,Tangent road with flat terrain,Y Shape,Asphalt roads,Dry,Daylight,Normal,Vehicle with vehicle collision,2,2,Reversing,3,No Distance,Slight Injury,1.0986122886681096,1.0986122886681096