Time,Day_of_week,Age_band_of_driver,Sex_of_driver,Educational_level,Vehicle_driver_relation,Driving_experience,Type_of_vehicle,Owner_of_vehicle,Service_year_of_vehicle,Defect_of_vehicle,Area_accident_occured,Lanes_or_Medians,Road_allignment,Types_of_Junction,Road_surface_type,Road_surface_conditions,Light_conditions,Weather_conditions,Type_of_collision,Number_of_vehicles_involved,Number_of_casualties,Vehicle_movement,Casualty_severity,Cause_of_accident,Accident_severity,Number_of_vehicles_involved_log,Number_of_casualties_log
9:25:00,Friday,18-30,Male,Unknown,Owner,5-10yr,Private Vehicle,Governmental,Below 1yr,No defect,Other,Two-way (divided with broken lines road marking),Tangent road with flat terrain,No junction,Asphalt roads,Wet or damp,Daylight,Normal,Collision with pedestrians,2,1,Going straight,2,No Distance,Serious Injury,1.0986122886681096,0.6931471805599453
14:10:00,Wednesday,18-30,Male,Unknown,Owner,Above 10yr,Public Transport,Owner,,,Other,Two-way (divided with broken lines road marking),Tangent road with flat terrain,No junction,Asphalt roads,Dry,Daylight,Normal,Vehicle with vehicle collision,2,1,Going straight,na,Improper Parking/Exit,Slight Injury,1.0986122886681096,0.6931471805599453
14:10:00,Wednesday,Over 51,Male,Junior high school,Owner,2-5yr,Private Vehicle,Owner,Unknown,No defect,School areas,Double carriageway (median),Tangent road with flat terrain,No junction,Asphalt roads,Dry,Daylight,Normal,Vehicle with vehicle collision,2,1,Moving Backward,3,Priority Violation,Slight Injury,1.0986122886681096,0.6931471805599453
14:00:00,Friday,31-50,Male,Elementary school,Owner,Above 10yr,Other,Owner,Unknown,No defect,School areas,Double carriageway (median),Tangent road with flat terrain,Y Shape,Asphalt roads,Wet or damp,Daylight,Normal,Collision with roadside objects,2,1,Moving Backward,na,Unsafe Lane Change,Slight Injury,1.0986122886681096,0.6931471805599453
14:00:00,Friday,31-50,Male,Writing & reading,Owner,5-10yr,Public Transport,Owner,2-5yrs,No defect,School areas,Undivided Two way,Tangent road with flat terrain,Y Shape,Asphalt roads,Wet or damp,Daylight,Normal,Vehicle with vehicle collision,2,1,Moving Backward,3,No Distance,Slight Injury,1.0986122886681096,0.6931471805599453
22:05:00,Tuesday,Unknown,Female,,Owner,,Private Vehicle,Owner,Unknown,No defect,Residential areas,One way,Tangent road with flat terrain,Crossing,Gravel roads,Wet or damp,Darkness - lights lit,Normal,Vehicle with vehicle collision,2,1,Other,na,Driving carelessly,Slight Injury,1.0986122886681096,0.6931471805599453
22:05:00,Tuesday,Over 51,Male,Junior high school,Owner,5-10yr,Commercial Vehicle,Owner,Unknown,No defect,Other,Undivided Two way,Tangent road with flat terrain,Crossing,Asphalt roads,Wet or damp,Darkness - lights lit,Normal,Collision with pedestrians,2,1,Going straight,3,No Distance,Slight Injury,1.0986122886681096,0.6931471805599453
7:00:00,Thursday,18-30,Male,Junior high school,Owner,Below 1yr,Commercial Vehicle,Owner,Unknown,No defect,Office areas,Two-way (divided with broken lines road marking),Tangent road with flat terrain,Y Shape,Asphalt roads,Wet or damp,Darkness - lights lit,Windy,Vehicle with vehicle collision,2,1,Unknown,na,Unsafe Lane Change,Slight Injury,1.0986122886681096,0.6931471805599453
7:00:00,Thursday,31-50,Male,Junior high school,Owner,2-5yr,Commercial Vehicle,Owner,5-10yrs,No defect,Other,Two-way (divided with broken lines road marking),Tangent road with flat terrain,Y Shape,Asphalt roads,Wet or damp,Darkness - lights lit,Windy,Vehicle with vehicle collision,2,1,Turnover,na,Speeding,Slight Injury,1.0986122886681096,0.6931471805599453
7:35:00,Thursday,18-30,Male,Elementary school,Employee,2-5yr,Private Vehicle,Owner,Above 10yr,No defect,School areas,Undivided Two way,Tangent road with flat terrain,Y Shape,Asphalt roads,Wet or damp,Darkness - lights lit,Raining,Collision with pedestrians,2,1,Getting off,3,Driving carelessly,Slight Injury,1.0986122886681096,0.6931471805599453
7:35:00,Thursday,31-50,Male,Junior high school,Employee,2-5yr,Commercial Vehicle,Owner,5-10yrs,No defect,Other,Double carriageway (median),Tangent road with flat terrain,Y Shape,Asphalt roads,Wet or damp,Darkness - lights lit,Raining,Collision with pedestrians,2,1,Going straight,3,Moving Backward,Slight Injury,1.0986122886681096,0.6931471805599453
8:43:00,Wednesday,31-50,Male,Junior high school,Employee,2-5yr,Private Vehicle,Owner,2-5yrs,No defect, Industrial areas,Two-way (divided with broken lines road marking),Tangent road with flat terrain,Y Shape,Asphalt roads,Wet or damp,Daylight,Raining,Collision with pedestrians,2,2,Going straight,na,No Distance,Slight Injury,1.0986122886681096,1.0986122886681096
8:43:00,Wednesday,31-50,Male,Junior high school,Employee,5-10yr,Public Transport,Owner,2-5yrs,No defect,Other,Two-way (divided with broken lines road marking),Tangent road with flat terrain,Y Shape,Asphalt roads,Wet or damp,Daylight,Raining,Collision with roadside objects,2,2,Going straight,3,Speeding,Slight Injury,1.0986122886681096,1.0986122886681096
16:05:00,Tuesday,Over 51,Male,Junior high school,Employee,5-10yr,Private Vehicle,Owner,Unknown,No defect,Office areas,Two-way (divided with broken lines road marking),Tangent road with flat terrain,Y Shape,Asphalt roads,Wet or damp,Daylight,Normal,Vehicle with vehicle collision,1,1,Turnover,na,Driving carelessly,Serious Injury,0.6931471805599453,0.6931471805599453
22:05:00,Friday,18-30,Male,Junior high school,Employee,Above 10yr,Private Vehicle,Owner,Unknown,No defect,Other,Two-way (divided with broken lines road marking),Tangent road with flat terrain,Y Shape,Asphalt roads,Wet or damp,Darkness - lights lit,Raining,Vehicle with vehicle collision,2,3,Reversing,na,Driving carelessly,Serious Injury,1.0986122886681096,1.3862943611198906
22:05:00,Friday,18-30,Male,Elementary school,Employee,5-10yr,Private Vehicle,Owner,Unknown,No defect,Other,Two-way (divided with broken lines road marking),Tangent road with flat terrain,Y Shape,Asphalt roads,Wet or damp,Darkness - lights lit,Raining,Vehicle with vehicle collision,2,3,Moving Backward,3,Moving Backward,Serious Injury,1.0986122886681096,1.3862943611198906
22:05:00,Friday,18-30,Male,Junior high school,Employee,5-10yr,Commercial Vehicle,Organization,Above 10yr,No defect, Outside rural areas,Undivided Two way,Tangent road with flat terrain,Y Shape,Asphalt roads,Wet or damp,Darkness - lights lit,Raining,Vehicle with vehicle collision,2,3,Other,2,Driving carelessly,Serious Injury,1.0986122886681096,1.3862943611198906
22:05:00,Friday,18-30,Male,Junior high school,Employee,Above 10yr,Other,Owner,Unknown,No defect,Other,other,Tangent road with flat terrain,Y Shape,Asphalt roads,Wet or damp,Darkness - lights lit,Raining,Vehicle with vehicle collision,2,3,Going straight,na,Unsafe Lane Change,Serious Injury,1.0986122886681096,1.3862943611198906
3:40:00,Saturday,18-30,Male,Elementary school,Owner,,Commercial Vehicle,Owner,Above 10yr,No defect,Residential areas,Two-way (divided with broken lines road marking),Tangent road with flat terrain,Y Shape,Asphalt roads,Wet or damp,Darkness - lights lit,Windy,Vehicle with vehicle collision,1,1,Going straight,3,Unsafe Lane Change,Slight Injury,0.6931471805599453,0.6931471805599453
9:25:00,Tuesday,Over 51,Male,Junior high school,Owner,5-10yr,Private Vehicle,Owner,Above 10yr,,Office areas,Two-way (divided with broken lines road marking),Tangent road with flat terrain,Crossing,Asphalt roads,Dry,Daylight,Normal,Collision with pedestrians,6,1,Going straight,3,No Distance,Slight Injury,1.9459101490553132,0.6931471805599453
9:25:00,Tuesday,Unknown,Female,Junior high school,Employee,5-10yr,Commercial Vehicle,Owner,Unknown,,Office areas,Double carriageway (median),Tangent road with flat terrain,Crossing,Asphalt roads,Dry,Daylight,Normal,Collision with roadside objects,6,1,Going straight,3,No Distance,Slight Injury,1.9459101490553132,0.6931471805599453
9:25:00,Tuesday,Unknown,Female,Junior high school,Employee,Below 1yr,Private Vehicle,,2-5yrs,, Hospital areas,One way,Tangent road with flat terrain,Crossing,Asphalt roads,Dry,Daylight,Normal,Vehicle with vehicle collision,6,1,Going straight,na,Unsafe Lane Change,Slight Injury,1.9459101490553132,0.6931471805599453
9:25:00,Tuesday,Unknown,Female,,,,Public Transport,Owner,Unknown,, Industrial areas,Two-way (divided with broken lines road marking),Tangent road with flat terrain,Crossing,Asphalt roads,Dry,Daylight,Normal,Vehicle with vehicle collision,6,1,Going straight,na,DUI (Drugs/Alcohol),Slight Injury,1.9459101490553132,0.6931471805599453
9:25:00,Tuesday,Unknown,Female,Junior high school,Employee,5-10yr,Private Vehicle,Owner,2-5yrs,No defect,Other,Undivided Two way,Tangent road with flat terrain,Crossing,Asphalt roads,Dry,Daylight,Normal,Vehicle with vehicle collision,6,1,Going straight,na,Unsafe Lane Change,Slight Injury,1.9459101490553132,0.6931471805599453
9:25:00,Tuesday,Unknown,Female,Junior high school,Employee,5-10yr,Commercial Vehicle,Owner,,,Office areas,Undivided Two way,Tangent road with flat terrain,Crossing,Asphalt roads,Dry,Daylight,Normal,Vehicle with vehicle collision,6,1,Going straight,3,Unsafe Lane Change,Slight Injury,1.9459101490553132,0.6931471805599453
7:58:00,Thursday,Under 18,Male,Junior high school,Employee,Above 10yr,Public Transport,Owner,Unknown,No defect,Office areas,other,Tangent road with flat terrain,Y Shape,Asphalt roads,Wet or damp,Daylight,Raining,With Train,2,2,Going straight,3,Moving Backward,Slight Injury,1.0986122886681096,1.0986122886681096
7:58:00,Thursday,18-30,Male,High school,Employee,Above 10yr,Private Vehicle,Owner,Unknown,,Residential areas,Two-way (divided with broken lines road marking),Tangent road with flat terrain,Y Shape,Asphalt roads,Wet or damp,Daylight,Raining,Vehicle with vehicle collision,2,2,Other,na,No Distance,Slight Injury,1.0986122886681096,1.0986122886681096
20:15:00,Tuesday,18-30,Male,Junior high school,Employee,Above 10yr,Public Transport,Owner,Unknown,,Residential areas,Two-way (divided with broken lines road marking),Tangent road with flat terrain,O Shape,Other,Wet or damp,Darkness - no lighting,Raining,Vehicle with vehicle collision,2,1,Moving Backward,3,Unsafe Lane Change,Slight Injury,1.0986122886681096,0.6931471805599453
20:15:00,Tuesday,18-30,Male,Junior high school,Employee,Above 10yr,Commercial Vehicle,Owner,Unknown,No defect,School areas,Two-way (divided with broken lines road marking),Tangent road with flat terrain,O Shape,,Wet or damp,Darkness - no lighting,Raining,Vehicle with vehicle collision,2,1,Going straight,na,Moving Backward,Slight Injury,1.0986122886681096,0.6931471805599453
17:10:00,Tuesday,18-30,Male,Junior high school,Employee,Above 10yr,Private Vehicle,Governmental,Unknown,No defect,Other,Two-way (divided with broken lines road marking),Tangent road with flat terrain,Y Shape,Asphalt roads,Wet or damp,Darkness - lights lit,Normal,Vehicle with vehicle collision,2,2,Moving Backward,3,No Distance,Slight Injury,1.0986122886681096,1.0986122886681096
17:10:00,Tuesday,31-50,Male,Junior high school,Employee,Above 10yr,Commercial Vehicle,Governmental,Unknown,No defect,  Market areas,Undivided Two way,Tangent road with flat terrain,Y Shape,Asphalt roads,Wet or damp,Darkness - lights lit,Normal,Vehicle with vehicle collision,2,2,Going straight,2,Unsafe Lane Change,Slight Injury,1.0986122886681096,1.0986122886681096
17:10:00,Tuesday,31-50,Male,Junior high school,Employee,5-10yr,Private Vehicle,Owner,Unknown,No defect,Office areas,other,Tangent road with flat terrain,Y Shape,Asphalt roads,Wet or damp,Darkness - lights lit,Normal,Vehicle with vehicle collision,2,2,Moving Backward,na,Unsafe Lane Change,Slight Injury,1.0986122886681096,1.0986122886681096
15:30:00,Saturday,Unknown,Female,Junior high school,Employee,2-5yr,Commercial Vehicle,Owner,Unknown,No defect, Church areas,Two-way (divided with broken lines road marking),Tangent road with flat terrain,Y Shape,Asphalt roads,Wet or damp,Daylight,Normal,Vehicle with vehicle collision,2,2,,3,Moving Backward,Slight Injury,1.0986122886681096,1.0986122886681096
15:30:00,Saturday,18-30,Male,Junior high school,Employee,Below 1yr,Private Vehicle,Governmental,Unknown,No defect, Church areas,Two-way (divided with broken lines road marking),Tangent road with flat terrain,Y Shape,Asphalt roads,Wet or damp,Daylight,Normal,Vehicle with vehicle collision,2,2,Going straight,na,Moving Backward,Slight Injury,1.0986122886681096,1.0986122886681096
9:47:00,Saturday,18-30,Male,Junior high school,Employee,Below 1yr,Private Vehicle,Owner,Unknown,No defect,Residential areas,Double carriageway (median),Tangent road with flat terrain,Crossing,Asphalt roads,Wet or damp,Daylight,Raining,Vehicle with vehicle collision,3,1,Going straight,3,Speeding,Slight Injury,1.3862943611198906,0.6931471805599453
9:47:00,Saturday,Over 51,Male,Junior high school,Employee,2-5yr,Private Vehicle,Owner,Above 10yr,No defect,Residential areas,Two-way (divided with broken lines road marking),Tangent road with flat terrain,Crossing,Asphalt roads,Wet or damp,Daylight,Raining,Collision with pedestrians,3,1,Going straight,3,Driving carelessly,Slight Injury,1.3862943611198906,0.6931471805599453
9:47:00,Saturday,31-50,Male,Elementary school,Employee,Below 1yr,Other,Owner,Unknown,No defect,Residential areas,Double carriageway (median),Tangent road with flat terrain,Crossing,Asphalt roads,Wet or damp,Daylight,Raining,Collision with roadside objects,3,1,Going straight,na,Unsafe Lane Change,Slight Injury,1.3862943611198906,0.6931471805599453
11:19:00,Monday,18-30,Female,Junior high school,Employee,Below 1yr,Private Vehicle,Owner,Above 10yr,No defect,Residential areas,Two-way (divided with broken lines road marking),Tangent road with flat terrain,No junction,Asphalt roads,Dry,Daylight,Normal,Collision with roadside objects,2,1,Other,3,DUI (Drugs/Alcohol),Serious Injury,1.0986122886681096,0.6931471805599453
11:19:00,Monday,Over 51,Female,Junior high school,Employee,,Public Transport,Owner,1-2yr,No defect,Other,Double carriageway (median),Tangent road with flat terrain,No junction,Asphalt roads,Dry,Daylight,Normal,Vehicle with vehicle collision,2,1,Going straight,3,No Distance,Serious Injury,1.0986122886681096,0.6931471805599453
13:13:00,Friday,Unknown,Female,,Employee,5-10yr,Public Transport,Owner,Unknown,No defect,Other,Two-way (divided with broken lines road marking),Tangent road with flat terrain,No junction,Asphalt roads,Dry,Daylight,Normal,Vehicle with vehicle collision,2,1,Moving Backward,na,Moving Backward,Slight Injury,1.0986122886681096,0.6931471805599453
13:13:00,Friday,18-30,Male,Writing & reading,Employee,Below 1yr,Private Vehicle,Owner,2-5yrs,No defect,Residential areas,Two-way (divided with broken lines road marking),Tangent road with flat terrain,No junction,Asphalt roads,Dry,Daylight,Normal,Vehicle with vehicle collision,2,1,Moving Backward,na,Unsafe Lane Change,Slight Injury,1.0986122886681096,0.6931471805599453
15:55:00,Thursday,18-30,Male,Junior high school,Employee,Below 1yr,Public Transport,Owner,Unknown,No defect,Other,other,Tangent road with flat terrain,Y Shape,Other,Wet or damp,Daylight,Raining,Vehicle with vehicle collision,2,3,Moving Backward,3,Unsafe Lane Change,Slight Injury,1.0986122886681096,1.3862943611198906
15:55:00,Thursday,18-30,Male,Junior high school,Employee,1-2yr,Public Transport,Owner,Unknown,No defect, Church areas,Undivided Two way,Tangent road with flat terrain,Y Shape,Asphalt roads,Wet or damp,Daylight,Raining,Vehicle with vehicle collision,2,3,Going straight,3,No Distance,Slight Injury,1.0986122886681096,1.3862943611198906
15:55:00,Thursday,31-50,Male,Elementary school,Employee,Above 10yr,Commercial Vehicle,Owner,Unknown,No defect,Other,Undivided Two way,Tangent road with flat terrain,Y Shape,Asphalt roads,Wet or damp,Daylight,Raining,Collision with roadside objects,2,3,Going straight,na,Speeding,Slight Injury,1.0986122886681096,1.3862943611198906
10:47:00,Thursday,31-50,Male,Elementary school,Employee,Above 10yr,Private Vehicle,Owner,Unknown,No defect,Office areas,Undivided Two way,Tangent road with flat terrain,Y Shape,Asphalt roads,Wet or damp,Daylight,Normal,Vehicle with vehicle collision,2,2,Going straight,3,Unsafe Lane Change,Slight Injury,1.0986122886681096,1.0986122886681096
10:47:00,Thursday,31-50,Male,Elementary school,Employee,Below 1yr,Commercial Vehicle,Owner,2-5yrs,No defect,Office areas,Two-way (divided with broken lines road marking),Tangent road with flat terrain,Y Shape,Asphalt roads,Wet or damp,Daylight,Normal,Vehicle with vehicle collision,2,2,Going straight,3,Priority Violation,Slight Injury,1.0986122886681096,1.0986122886681096
15:00:00,Thursday,18-30,Male,High school,Employee,2-5yr,Commercial Vehicle,Owner,,,Residential areas,Undivided Two way,Tangent road with flat terrain,No junction,Asphalt roads,Dry,Daylight,Normal,Vehicle with vehicle collision,2,1,Other,na,No Distance,Slight Injury,1.0986122886681096,0.6931471805599453
15:00:00,Thursday,18-30,Male,Junior high school,Employee,2-5yr,Commercial Vehicle,Owner,Unknown,,Other,Two-way (divided with broken lines road marking),Tangent road with flat terrain,No junction,Asphalt roads,Dry,Daylight,Normal,Vehicle with vehicle collision,2,1,Going straight,3,Unsafe Lane Change,Slight Injury,1.0986122886681096,0.6931471805599453
18:40:00,Thursday,18-30,Male,Above high school,Employee,Above 10yr,Private Vehicle,Owner,Above 10yr,, Industrial areas,Undivided Two way,Tangent road with flat terrain,Y Shape,Asphalt roads,Wet or damp,Darkness - lights lit,Raining,Vehicle with vehicle collision,1,1,Going straight,na,No Distance,Slight Injury,0.6931471805599453,0.6931471805599453
3:55:00,Monday,18-30,Male,Junior high school,Employee,2-5yr,Private Vehicle,Owner,Unknown,,Office areas,Two-way (divided with broken lines road marking),Tangent road with flat terrain,No junction,Asphalt roads,Wet or damp,Darkness - lights lit,Raining and Windy,Vehicle with vehicle collision,2,2,Going straight,3,Unsafe Lane Change,Slight Injury,1.0986122886681096,1.0986122886681096
3:55:00,Monday,18-30,Male,Junior high school,Employee,2-5yr,Private Vehicle,Organization,Unknown,,  Recreational areas,Two-way (divided with broken lines road marking),Tangent road with flat terrain,No junction,Asphalt roads,Wet or damp,Darkness - lights lit,Raining and Windy,Collision with pedestrians,2,2,Reversing,na,No Distance,Slight Injury,1.0986122886681096,1.0986122886681096
3:55:00,Monday,18-30,Male,High school,Employee,1-2yr,Private Vehicle,Owner,1-2yr,No defect,Residential areas,Two-way (divided with broken lines road marking),Tangent road with flat terrain,No junction,Other,Wet or damp,Darkness - lights lit,Raining and Windy,Collision with pedestrians,2,2,Moving Backward,3,Unsafe Lane Change,Slight Injury,1.0986122886681096,1.0986122886681096
17:45:00,Sunday,31-50,Unknown,Junior high school,Employee,5-10yr,Other,Owner,Above 10yr,,Residential areas,Undivided Two way,Tangent road with flat terrain,Crossing,Asphalt roads,Dry,Darkness - lights lit,Normal,Collision with roadside objects,2,3,Going straight,3,Driving carelessly,Slight Injury,1.0986122886681096,1.3862943611198906
17:45:00,Sunday,18-30,Male,Junior high school,Employee,Below 1yr,Private Vehicle,Owner,5-10yrs,, Church areas,Undivided Two way,Steep grade downward with mountainous terrain,Crossing,Asphalt roads,Dry,Darkness - lights lit,Normal,Collision with pedestrians,2,3,Going straight,3,Unsafe Lane Change,Slight Injury,1.0986122886681096,1.3862943611198906
17:45:00,Sunday,18-30,Male,Junior high school,Employee,Below 1yr,Private Vehicle,Owner,5-10yrs,,Residential areas,Undivided Two way,Tangent road with flat terrain,Crossing,,Dry,Darkness - lights lit,Normal,Vehicle with vehicle collision,2,3,Reversing,na,Priority Violation,Slight Injury,1.0986122886681096,1.3862943611198906
17:45:00,Sunday,18-30,Male,Elementary school,Employee,,Private Vehicle,Owner,Unknown,No defect,,other,Tangent road with flat terrain,Crossing,Asphalt roads,Dry,Darkness - lights lit,Normal,Vehicle with vehicle collision,2,3,Going straight,3,No Distance,Slight Injury,1.0986122886681096,1.3862943611198906
19:10:00,Friday,31-50,Male,Junior high school,Employee,Below 1yr,Public Transport,Owner,5-10yrs,No defect,Other,Undivided Two way,Tangent road with flat terrain,Crossing,Asphalt roads,Wet or damp,Darkness - lights lit,Raining,Vehicle with vehicle collision,1,1,Reversing,na,Priority Violation,Slight Injury,0.6931471805599453,0.6931471805599453
10:13:00,Thursday,31-50,Male,Junior high school,Employee,1-2yr,Private Vehicle,Owner,Unknown,,Other,Two-way (divided with solid lines road marking),Tangent road with flat terrain,Y Shape,Asphalt roads,Dry,Daylight,Normal,Collision with roadside objects,2,1,Other,3,Priority Violation,Serious Injury,1.0986122886681096,0.6931471805599453
10:13:00,Thursday,Over 51,Male,Elementary school,Employee,2-5yr,Other,Owner,Unknown,No defect, Church areas,Two-way (divided with solid lines road marking),Tangent road with flat terrain,Y Shape,Earth roads,Dry,Daylight,Normal,Collision with roadside objects,2,1,,na,Priority Violation,Serious Injury,1.0986122886681096,0.6931471805599453
9:48:00,Friday,Under 18,Male,High school,Employee,1-2yr,Private Vehicle,Governmental,,No defect,Other,Two-way (divided with solid lines road marking),Tangent road with flat terrain,Crossing,Asphalt roads,Dry,Daylight,Normal,Vehicle with vehicle collision,2,1,Going straight,3,Unsafe Lane Change,Slight Injury,1.0986122886681096,0.6931471805599453
9:48:00,Friday,18-30,Male,Junior high school,Employee,5-10yr,Other,Owner,Unknown,No defect, Church areas,Two-way (divided with solid lines road marking),Tangent road with flat terrain,Crossing,Asphalt roads,Dry,Daylight,Normal,Vehicle with vehicle collision,2,1,Going straight,na,Unsafe Lane Change,Slight Injury,1.0986122886681096,0.6931471805599453
16:20:00,Monday,18-30,Male,Junior high school,Employee,Below 1yr,Commercial Vehicle,Owner,Unknown,No defect, Church areas,Two-way (divided with broken lines road marking),Tangent road with flat terrain,Y Shape,Asphalt roads,Wet or damp,Darkness - lights lit,Normal,Vehicle with vehicle collision,2,1,Going straight,3,No Distance,Slight Injury,1.0986122886681096,0.6931471805599453
16:20:00,Monday,18-30,Male,High school,Employee,Above 10yr,Commercial Vehicle,Owner,Above 10yr,No defect,Other,Undivided Two way,Tangent road with flat terrain,Y Shape,Asphalt roads,Wet or damp,Darkness - lights lit,Normal,Vehicle with vehicle collision,2,1,Going straight,3,Priority Violation,Slight Injury,1.0986122886681096,0.6931471805599453
19:40:00,Thursday,18-30,Male,Elementary school,Owner,5-10yr,Public Transport,Governmental,5-10yrs,No defect,Other,Undivided Two way,Tangent road with flat terrain,Y Shape,Asphalt roads,Dry,Darkness - lights lit,Normal,Vehicle with vehicle collision,1,1,Going straight,3,No Distance,Slight Injury,0.6931471805599453,0.6931471805599453
16:53:00,Wednesday,18-30,Male,Elementary school,Employee,Below 1yr,Private Vehicle,Owner,5-10yrs,No defect,School areas,other,Tangent road with flat terrain,Y Shape,Asphalt roads,Dry,Darkness - lights lit,Normal,Vehicle with vehicle collision,1,1,Going straight,3,No Distance,Slight Injury,0.6931471805599453,0.6931471805599453
12:55:00,Wednesday,31-50,Male,Junior high school,Employee,5-10yr,Commercial Vehicle,Owner,Above 10yr,No defect,Residential areas,Undivided Two way,Tangent road with flat terrain,No junction,Asphalt roads,Dry,Daylight,Normal,Vehicle with vehicle collision,1,1,Going straight,na,Unsafe Lane Change,Slight Injury,0.6931471805599453,0.6931471805599453
19:32:00,Friday,31-50,Male,Elementary school,Owner,5-10yr,Private Vehicle,,1-2yr,No defect,Other,Two-way (divided with broken lines road marking),Tangent road with flat terrain,Y Shape,Asphalt roads,Wet or damp,Darkness - lights lit,Raining,Vehicle with vehicle collision,2,2,Going straight,na,Unsafe Lane Change,Slight Injury,1.0986122886681096,1.0986122886681096
19:32:00,Friday,18-30,Male,Junior high school,Employee,2-5yr,Commercial Vehicle,Owner,Above 10yr,No defect,Office areas,Undivided Two way,Tangent road with flat terrain,Y Shape,Asphalt roads,Wet or damp,Darkness - lights lit,Raining,Vehicle with vehicle collision,2,2,Going straight,3,No Distance,Slight Injury,1.0986122886681096,1.0986122886681096
17:35:00,Saturday,18-30,Male,Junior high school,Employee,Above 10yr,Private Vehicle,Owner,Above 10yr,No defect,Residential areas,Undivided Two way,Tangent road with flat terrain,Crossing,Asphalt roads,Wet or damp,Darkness - lights lit,Raining,Collision with roadside objects,2,2,Going straight,3,Reckless Driving,Slight Injury,1.0986122886681096,1.0986122886681096
17:35:00,Saturday,Over 51,Male,Junior high school,Employee,5-10yr,Commercial Vehicle,Owner,Above 10yr,No defect,Other,One way,Steep grade downward with mountainous terrain,Crossing,Asphalt roads,Wet or damp,Darkness - lights lit,Raining,Collision with roadside objects,2,2,Going straight,na,Priority Violation,Slight Injury,1.0986122886681096,1.0986122886681096
17:35:00,Saturday,Over 51,Male,High school,Employee,1-2yr,Commercial Vehicle,Owner,Above 10yr,No defect,Residential areas,Two-way (divided with broken lines road marking),Tangent road with flat terrain,Crossing,Asphalt roads,Wet or damp,Darkness - lights lit,Raining,Collision with pedestrians,2,2,Going straight,3,Moving Backward,Slight Injury,1.0986122886681096,1.0986122886681096
18:40:00,Tuesday,18-30,Male,Elementary school,Employee,5-10yr,Commercial Vehicle,Owner,5-10yrs,No defect,Residential areas,Undivided Two way,Tangent road with flat terrain,Crossing,Asphalt roads,Dry,Darkness - lights lit,Normal,Vehicle with vehicle collision,2,1,Going straight,3,DUI (Drugs/Alcohol),Slight Injury,1.0986122886681096,0.6931471805599453
18:40:00,Tuesday,18-30,Male,Elementary school,Employee,2-5yr,Public Transport,Owner,,No defect,Residential areas,Two-way (divided with broken lines road marking),Tangent road with flat terrain,Crossing,Asphalt roads,Dry,Darkness - lights lit,Normal,Vehicle with vehicle collision,2,1,Going straight,3,Moving Backward,Slight Injury,1.0986122886681096,0.6931471805599453
15:47:00,Thursday,31-50,Male,Junior high school,Employee,Below 1yr,Private Vehicle,Owner,1-2yr,No defect,Other,other,Tangent road with flat terrain,Y Shape,Asphalt roads,Wet or damp,Daylight,Normal,Vehicle with vehicle collision,1,1,Going straight,na,Unsafe Lane Change,Slight Injury,0.6931471805599453,0.6931471805599453
14:57:00,Sunday,Under 18,Male,Junior high school,Employee,Below 1yr,Other,Owner,5-10yrs,No defect,Other,Undivided Two way,Tangent road with flat terrain,No junction,Asphalt roads,Dry,Daylight,Normal,Vehicle with vehicle collision,1,1,Moving Backward,3,Speeding,Slight Injury,0.6931471805599453,0.6931471805599453
17:25:00,Friday,31-50,Male,Junior high school,Employee,5-10yr,Other,Owner,5-10yrs,No defect,Other,One way,Tangent road with flat terrain,Y Shape,Asphalt roads,Wet or damp,Darkness - no lighting,Normal,Vehicle with vehicle collision,2,2,Going straight,na,DUI (Drugs/Alcohol),Serious Injury,1.0986122886681096,1.0986122886681096
17:25:00,Friday,31-50,Male,Junior high school,Owner,5-10yr,Other,Owner,1-2yr,No defect, Hospital areas,Undivided Two way,Tangent road with flat terrain,Y Shape,Earth roads,Wet or damp,Darkness - no lighting,Normal,Vehicle with vehicle collision,2,2,Going straight,3,Driving carelessly,Serious Injury,1.0986122886681096,1.0986122886681096
17:25:00,Friday,31-50,Male,Elementary school,Employee,1-2yr,Private Vehicle,Owner,2-5yrs,No defect,Residential areas,Undivided Two way,Tangent road with flat terrain,Y Shape,Asphalt roads,Wet or damp,Darkness - no lighting,Normal,Vehicle with vehicle collision,2,2,Going straight,na,No Distance,Serious Injury,1.0986122886681096,1.0986122886681096
17:22:00,Sunday,Over 51,Male,Junior high school,Employee,,Other,Owner,5-10yrs,No defect,Residential areas,One way,Tangent road with flat terrain,Crossing,Asphalt roads,Wet or damp,Darkness - lights lit,Normal,Vehicle with vehicle collision,2,2,,3,Priority Violation,Serious Injury,1.0986122886681096,1.0986122886681096
17:22:00,Sunday,Under 18,Male,Elementary school,Employee,Above 10yr,Commercial Vehicle,Owner,5-10yrs,No defect,Residential areas,Undivided Two way,Tangent road with flat terrain,Crossing,Asphalt roads,Wet or damp,Darkness - lights lit,Normal,Vehicle with vehicle collision,2,2,Turnover,na,Speeding,Serious Injury,1.0986122886681096,1.0986122886681096
16:05:00,Monday,18-30,Male,Junior high school,Owner,1-2yr,Public Transport,Owner,1-2yr,No defect,Other,Two-way (divided with broken lines road marking),Tangent road with flat terrain,Y Shape,Asphalt roads,Dry,Daylight,Normal,Collision with pedestrians,3,1,Going straight,3,DUI (Drugs/Alcohol),Slight Injury,1.3862943611198906,0.6931471805599453