Time,Day_of_week,Age_band_of_driver,Sex_of_driver,Educational_level,Vehicle_driver_relation,Driving_experience,Type_of_vehicle,Owner_of_vehicle,Service_year_of_vehicle,Defect_of_vehicle,Area_accident_occured,Lanes_or_Medians,Road_allignment,Types_of_Junction,Road_surface_type,Road_surface_conditions,Light_conditions,Weather_conditions,Type_of_collision,Number_of_vehicles_involved,Number_of_casualties,Vehicle_movement,Casualty_severity,Cause_of_accident,Accident_severity,Number_of_vehicles_involved_log,Number_of_casualties_log
17:00:00,Friday,31-50,Male,High school,Employee,5-10yr,Commercial Vehicle,Owner,Unknown,No defect,Other,Two-way (divided with broken lines road marking),Tangent road with flat terrain,Y Shape,Asphalt roads,Dry,Darkness - lights lit,Normal,Vehicle with vehicle collision,1,1,Going straight,na,Unsafe Lane Change,Slight Injury,0.6931471805599453,0.6931471805599453
10:07:00,Monday,18-30,Male,Junior high school,Employee,5-10yr,Public Transport,Owner,Above 10yr,No defect,Residential areas,Two-way (divided with broken lines road marking),Tangent road with flat terrain,Crossing,Asphalt roads,Wet or damp,Daylight,Raining,Vehicle with vehicle collision,2,2,Going straight,2,Priority Violation,Slight Injury,1.0986122886681096,1.0986122886681096
10:07:00,Monday,Over 51,Male,Junior high school,Employee,Above 10yr,Commercial Vehicle,Owner,Unknown,, Church areas,Two-way (divided with broken lines road marking),Tangent road with flat terrain,Crossing,Asphalt roads,Wet or damp,Daylight,Raining,Vehicle with vehicle collision,2,2,Going straight,na,Priority Violation,Slight Injury,1.0986122886681096,1.0986122886681096
10:40:00,Monday,31-50,Male,Junior high school,,1-2yr,Commercial Vehicle,Governmental,Unknown,No defect, Church areas,Double carriageway (median),Tangent road with flat terrain,Y Shape,Asphalt roads,Wet or damp,Daylight,Raining,Vehicle with vehicle collision,2,1,Going straight,3,Unsafe Lane Change,Slight Injury,1.0986122886681096,0.6931471805599453
10:40:00,Monday,31-50,Male,Junior high school,Employee,2-5yr,Other,Owner,2-5yrs,No defect,Residential areas,Double carriageway (median),Tangent road with flat terrain,Y Shape,Asphalt roads,Wet or damp,Daylight,Raining,Vehicle with vehicle collision,2,1,Going straight,3,Unsafe Lane Change,Slight Injury,1.0986122886681096,0.6931471805599453
18:40:00,Friday,18-30,Male,Junior high school,Employee,1-2yr,Private Vehicle,Owner,,No defect,Office areas,Two-way (divided with broken lines road marking),Tangent road with mild grade and flat terrain,Y Shape,Asphalt roads,Wet or damp,Darkness - lights lit,Raining,Collision with pedestrians,1,1,Going straight,na,Unsafe Lane Change,Serious Injury,0.6931471805599453,0.6931471805599453
17:55:00,Saturday,18-30,Male,,,,Private Vehicle,Owner,5-10yrs,No defect,Office areas,Two-way (divided with broken lines road marking),Tangent road with mild grade and flat terrain,Y Shape,Earth roads,Wet or damp,Darkness - lights lit,Raining,Rollover,2,2,Moving Backward,na,Driving carelessly,Slight Injury,1.0986122886681096,1.0986122886681096
17:55:00,Saturday,18-30,Male,Elementary school,Employee,5-10yr,Commercial Vehicle,Owner,2-5yrs,,Residential areas,Two-way (divided with broken lines road marking),Tangent road with flat terrain,Y Shape,Asphalt roads,Wet or damp,Darkness - lights lit,Raining,Vehicle with vehicle collision,2,2,Going straight,3,Unsafe Lane Change,Slight Injury,1.0986122886681096,1.0986122886681096
17:57:00,Saturday,Over 51,Male,Junior high school,Employee,5-10yr,Commercial Vehicle,Owner,5-10yrs,, Church areas,other,Tangent road with flat terrain,Crossing,Asphalt roads,Wet or damp,Darkness - no lighting,Raining,Rollover,1,1,Going straight,3,Driving carelessly,Serious Injury,0.6931471805599453,0.6931471805599453
17:45:00,Wednesday,18-30,Male,Junior high school,Employee,Above 10yr,Other,Owner,,,Other,Two-way (divided with broken lines road marking),Tangent road with flat terrain,Y Shape,Asphalt roads,Wet or damp,Darkness - lights lit,Raining,Vehicle with vehicle collision,1,1,Going straight,3,Priority Violation,Slight Injury,0.6931471805599453,0.6931471805599453
19:40:00,Monday,18-30,Male,Junior high school,Employee,2-5yr,Private Vehicle,Owner,,,Office areas,Two-way (divided with broken lines road marking),Tangent road with flat terrain,Y Shape,Asphalt roads,Dry,Darkness - lights lit,Normal,Vehicle with vehicle collision,2,2,Going straight,na,Driving carelessly,Slight Injury,1.0986122886681096,1.0986122886681096
19:40:00,Monday,31-50,Male,Junior high school,Owner,Above 10yr,Private Vehicle,Owner,,,Other,Two-way (divided with broken lines road marking),Tangent road with flat terrain,Y Shape,Asphalt roads,Dry,Darkness - lights lit,Normal,Vehicle with vehicle collision,2,2,Moving Backward,3,Unsafe Lane Change,Slight Injury,1.0986122886681096,1.0986122886681096
21:05:00,Thursday,31-50,Male,Junior high school,Employee,2-5yr,Public Transport,Owner,,,Other,Two-way (divided with broken lines road marking),Tangent road with flat terrain,No junction,Asphalt roads,Wet or damp,Darkness - lights lit,Raining,Fall from vehicles,1,2,Going straight,na,Moving Backward,Serious Injury,0.6931471805599453,1.0986122886681096
21:05:00,Thursday,31-50,Male,Elementary school,Other,5-10yr,Commercial Vehicle,Owner,,,,Two-way (divided with broken lines road marking),Tangent road with flat terrain,No junction,Asphalt roads,Wet or damp,Darkness - lights lit,Raining,Vehicle with vehicle collision,1,2,Other,3,Driving carelessly,Serious Injury,0.6931471805599453,1.0986122886681096
13:05:00,Monday,Over 51,Male,Elementary school,Employee,5-10yr,Other,Governmental,2-5yrs,,Residential areas,Two-way (divided with broken lines road marking),Tangent road with flat terrain,Y Shape,Asphalt roads,Dry,Daylight,Normal,Collision with roadside objects,2,1,Other,3,Unsafe Lane Change,Slight Injury,1.0986122886681096,0.6931471805599453
13:05:00,Monday,Over 51,Male,Junior high school,,5-10yr,Private Vehicle,Owner,Below 1yr,, Church areas,Undivided Two way,Tangent road with flat terrain,Y Shape,Asphalt roads,Dry,Daylight,Normal,Vehicle with vehicle collision,2,1,Going straight,3,Driving carelessly,Slight Injury,1.0986122886681096,0.6931471805599453
4:01:00,Thursday,31-50,Male,Junior high school,Employee,5-10yr,Public Transport,,,,Other,Undivided Two way,Tangent road with flat terrain,Y Shape,Asphalt roads,Wet or damp,Darkness - lights lit,Normal,Vehicle with vehicle collision,1,1,Going straight,3,Driving carelessly,Slight Injury,0.6931471805599453,0.6931471805599453
13:53:00,Friday,31-50,Male,Elementary school,Employee,Above 10yr,Private Vehicle,Owner,Unknown,,Other,One way,Tangent road with flat terrain,Y Shape,Asphalt roads,Dry,Daylight,Normal,Vehicle with vehicle collision,2,1,Going straight,3,Driving carelessly,Slight Injury,1.0986122886681096,0.6931471805599453
13:53:00,Friday,Over 51,Male,Junior high school,,Below 1yr,Private Vehicle,Owner,Unknown,No defect,Residential areas,Two-way (divided with broken lines road marking),Tangent road with flat terrain,Y Shape,Asphalt roads,Dry,Daylight,Normal,Collision with pedestrians,2,1,Going straight,na,Unsafe Lane Change,Slight Injury,1.0986122886681096,0.6931471805599453
17:28:00,Thursday,31-50,Male,Junior high school,Employee,5-10yr,Commercial Vehicle,Owner,Unknown,,Office areas,One way,Tangent road with flat terrain,Other,Asphalt roads,Dry,Darkness - lights lit,Normal,Vehicle with vehicle collision,1,1,Other,3,Unsafe Lane Change,Serious Injury,0.6931471805599453,0.6931471805599453
12:47:00,Sunday,Over 51,Male,Elementary school,Employee,1-2yr,Other,Owner,Unknown,No defect, Industrial areas,Two-way (divided with broken lines road marking),Tangent road with flat terrain,Crossing,Asphalt roads,Dry,Daylight,Normal,Vehicle with vehicle collision,2,1,Going straight,na,Driving carelessly,Slight Injury,1.0986122886681096,0.6931471805599453
12:47:00,Sunday,31-50,Male,Junior high school,Employee,Above 10yr,Public Transport,Governmental,,No defect,Residential areas,Double carriageway (median),Tangent road with flat terrain,Crossing,Asphalt roads,Dry,Daylight,Normal,Vehicle with vehicle collision,2,1,Getting off,3,Speeding,Slight Injury,1.0986122886681096,0.6931471805599453
13:43:00,Tuesday,18-30,Male,Elementary school,Owner,2-5yr,Other,Owner,,No defect,Office areas,Unknown,Tangent road with flat terrain,No junction,Asphalt roads,Dry,Daylight,Normal,Rollover,2,1,Going straight,3,Unsafe Lane Change,Slight Injury,1.0986122886681096,0.6931471805599453
13:43:00,Tuesday,31-50,Male,Junior high school,Employee,5-10yr,Other,Owner,2-5yrs,,Other,Two-way (divided with broken lines road marking),Tangent road with flat terrain,No junction,Asphalt roads,Dry,Daylight,Normal,Collision with roadside objects,2,1,Going straight,2,No Distance,Slight Injury,1.0986122886681096,0.6931471805599453
12:29:00,Tuesday,31-50,Male,Junior high school,Employee,Below 1yr,Non-Motorized,Owner,Unknown,, Church areas,other,Tangent road with flat terrain,Crossing,Asphalt roads,Dry,Daylight,Normal,Vehicle with vehicle collision,3,3,Going straight,3,Other,Slight Injury,1.3862943611198906,1.3862943611198906
12:29:00,Tuesday,18-30,Male,Junior high school,Employee,5-10yr,Commercial Vehicle,Owner,Above 10yr,, Industrial areas,Two-way (divided with broken lines road marking),Tangent road with flat terrain,Crossing,Asphalt roads,Dry,Daylight,Normal,Vehicle with vehicle collision,3,3,Going straight,na,Unsafe Lane Change,Slight Injury,1.3862943611198906,1.3862943611198906
12:29:00,Tuesday,31-50,Male,High school,Employee,Above 10yr,Commercial Vehicle,Owner,Unknown,No defect,  Recreational areas,One way,Tangent road with flat terrain,Crossing,Asphalt roads,Dry,Daylight,Normal,Collision with roadside objects,3,3,Going straight,3,Unsafe Lane Change,Slight Injury,1.3862943611198906,1.3862943611198906
12:29:00,Tuesday,31-50,Male,Junior high school,Employee,5-10yr,Commercial Vehicle,Owner,Unknown,No defect,  Market areas,Undivided Two way,Tangent road with flat terrain,Crossing,Asphalt roads,Dry,Daylight,Normal,Vehicle with vehicle collision,3,3,Going straight,3,Speeding,Slight Injury,1.3862943611198906,1.3862943611198906
8:27:00,Wednesday,18-30,Male,Elementary school,Employee,1-2yr,Commercial Vehicle,Owner,Unknown,No defect,Other,Two-way (divided with broken lines road marking),Tangent road with flat terrain,Y Shape,Asphalt roads,Dry,Daylight,Normal,Vehicle with vehicle collision,3,1,Moving Backward,3,Other,Serious Injury,1.3862943611198906,0.6931471805599453
8:27:00,Wednesday,18-30,Male,Junior high school,Employee,,Private Vehicle,Owner,Unknown,,Other,Two-way (divided with broken lines road marking),Tangent road with flat terrain,Y Shape,Asphalt roads,Dry,Daylight,Normal,Vehicle with vehicle collision,3,1,Going straight,na,Unsafe Lane Change,Serious Injury,1.3862943611198906,0.6931471805599453
8:27:00,Wednesday,Over 51,Male,Above high school,Employee,1-2yr,Private Vehicle,Owner,Unknown,No defect, Industrial areas,Two-way (divided with broken lines road marking),Tangent road with flat terrain,Y Shape,Asphalt roads,Dry,Daylight,Normal,Rollover,3,1,Other,3,Speeding,Serious Injury,1.3862943611198906,0.6931471805599453
12:05:00,Friday,Over 51,Male,Junior high school,Employee,Above 10yr,Commercial Vehicle,Governmental,2-5yrs,,Other,Two-way (divided with broken lines road marking),Tangent road with flat terrain,Y Shape,Asphalt roads,Wet or damp,Daylight,Windy,Rollover,3,1,Going straight,3,Priority Violation,Slight Injury,1.3862943611198906,0.6931471805599453
12:05:00,Friday,Over 51,Male,Junior high school,Employee,1-2yr,Private Vehicle,Governmental,,,Office areas,other,Tangent road with flat terrain,Y Shape,Asphalt roads,Wet or damp,Daylight,Windy,Collision with pedestrians,3,1,Going straight,3,Moving Backward,Slight Injury,1.3862943611198906,0.6931471805599453
12:05:00,Friday,31-50,Male,Junior high school,Employee,5-10yr,Commercial Vehicle,Owner,Unknown,,,other,Tangent road with flat terrain,Y Shape,Asphalt roads,Wet or damp,Daylight,Windy,Vehicle with vehicle collision,3,1,Going straight,na,Other,Slight Injury,1.3862943611198906,0.6931471805599453
12:51:00,Thursday,31-50,Male,Junior high school,Employee,2-5yr,Private Vehicle,Owner,,,Office areas,Two-way (divided with broken lines road marking),Tangent road with flat terrain,Crossing,Asphalt roads,Dry,Daylight,Normal,Vehicle with vehicle collision,2,1,Going straight,3,Priority Violation,Slight Injury,1.0986122886681096,0.6931471805599453
12:51:00,Thursday,31-50,Male,,,,Private Vehicle,Owner,,,Office areas,Undivided Two way,Tangent road with flat terrain,Crossing,Asphalt roads,Dry,Daylight,Normal,Vehicle with vehicle collision,2,1,,na,Priority Violation,Slight Injury,1.0986122886681096,0.6931471805599453
11:10:00,Sunday,Under 18,Male,Junior high school,Employee,2-5yr,Other,Organization,Unknown,,Other,other,Tangent road with flat terrain,Crossing,Asphalt roads,Wet or damp,Daylight,Normal,Collision with pedestrians,3,4,Moving Backward,3,Unsafe Lane Change,Slight Injury,1.3862943611198906,1.6094379124341003
11:10:00,Sunday,18-30,Male,Junior high school,Employee,2-5yr,Other,Governmental,2-5yrs,,Other,other,Tangent road with flat terrain,Crossing,Asphalt roads,Wet or damp,Daylight,Normal,Collision with pedestrians,3,4,,na,Unsafe Lane Change,Slight Injury,1.3862943611198906,1.6094379124341003
11:10:00,Sunday,31-50,Male,Junior high school,Employee,Above 10yr,Public Transport,Owner,Unknown,No defect,Other,Undivided Two way,Tangent road with flat terrain,Crossing,Asphalt roads,Wet or damp,Daylight,Normal,Vehicle with vehicle collision,3,4,Going straight,3,Unsafe Lane Change,Slight Injury,1.3862943611198906,1.6094379124341003
11:10:00,Sunday,31-50,Male,Junior high school,Employee,1-2yr,Private Vehicle,Owner,Above 10yr,,Other,other,Tangent road with flat terrain,Crossing,Asphalt roads,Wet or damp,Daylight,Normal,Vehicle with vehicle collision,3,4,Going straight,na,Unsafe Lane Change,Slight Injury,1.3862943611198906,1.6094379124341003
10:30:00,Monday,Over 51,Male,Above high school,Owner,1-2yr,Commercial Vehicle,,,,Residential areas,Undivided Two way,Tangent road with flat terrain,No junction,Asphalt roads,Wet or damp,Daylight,Normal,Vehicle with vehicle collision,1,1,,3,Unsafe Lane Change,Serious Injury,0.6931471805599453,0.6931471805599453
22:25:00,Thursday,31-50,Male,Above high school,Employee,No Licence,Commercial Vehicle,Owner,2-5yrs,No defect, Church areas,Undivided Two way,Tangent road with flat terrain,Crossing,Asphalt roads,Dry,Darkness - no lighting,Cloudy,Collision with roadside objects,2,1,Going straight,3,Moving Backward,Slight Injury,1.0986122886681096,0.6931471805599453
22:25:00,Thursday,31-50,Male,Junior high school,Employee,1-2yr,Commercial Vehicle,Owner,2-5yrs,,Office areas,Double carriageway (median),Tangent road with flat terrain,Crossing,Asphalt roads,Dry,Darkness - no lighting,Cloudy,Vehicle with vehicle collision,2,1,Going straight,na,Speeding,Slight Injury,1.0986122886681096,0.6931471805599453
17:27:00,Friday,Over 51,Male,Junior high school,Employee,5-10yr,Commercial Vehicle,Owner,2-5yrs,, Church areas,other,Tangent road with flat terrain,Other,Asphalt roads,Wet or damp,Darkness - lights lit,Normal,Collision with roadside objects,2,2,Going straight,na,Moving Backward,Slight Injury,1.0986122886681096,1.0986122886681096
17:27:00,Friday,31-50,Male,Junior high school,Employee,Above 10yr,Commercial Vehicle,Owner,2-5yrs,,Other,Two-way (divided with broken lines road marking),Tangent road with flat terrain,Other,Asphalt roads,Wet or damp,Darkness - lights lit,Normal,Vehicle with vehicle collision,2,2,Going straight,3,No Distance,Slight Injury,1.0986122886681096,1.0986122886681096
12:10:00,Tuesday,Over 51,Male,Junior high school,Employee,Above 10yr,Private Vehicle,Owner,,,,other,Tangent road with flat terrain,Y Shape,Asphalt roads,Wet or damp,Daylight,Normal,Vehicle with vehicle collision,2,1,Going straight,3,Other,Slight Injury,1.0986122886681096,0.6931471805599453
12:10:00,Tuesday,31-50,Male,Junior high school,Owner,5-10yr,Public Transport,Owner,1-2yr,,School areas,other,Steep grade downward with mountainous terrain,Y Shape,Asphalt roads,Wet or damp,Daylight,Normal,Collision with roadside objects,2,1,Going straight,na,Priority Violation,Slight Injury,1.0986122886681096,0.6931471805599453
8:00:00,Tuesday,Over 51,Male,Elementary school,Employee,2-5yr,Other,Owner,5-10yrs,,Office areas,Two-way (divided with broken lines road marking),Tangent road with mild grade and flat terrain,Y Shape,Asphalt roads,Dry,Daylight,Normal,Vehicle with vehicle collision,3,3,Going straight,3,Unsafe Lane Change,Serious Injury,1.3862943611198906,1.3862943611198906
8:00:00,Tuesday,18-30,Male,Junior high school,Employee,2-5yr,Private Vehicle,Owner,Below 1yr,,Other,other,Steep grade downward with mountainous terrain,Y Shape,Asphalt roads,Dry,Daylight,Normal,Vehicle with vehicle collision,3,3,Other,3,Other,Serious Injury,1.3862943611198906,1.3862943611198906
8:00:00,Tuesday,31-50,Male,Junior high school,Employee,Below 1yr,Private Vehicle,Owner,Unknown,,Office areas,Undivided Two way,Tangent road with flat terrain,Y Shape,Asphalt roads,Dry,Daylight,Normal,Collision with roadside objects,3,3,Going straight,na,No Distance,Serious Injury,1.3862943611198906,1.3862943611198906
17:00:00,Tuesday,18-30,Male,Junior high school,Employee,2-5yr,Private Vehicle,Owner,,,Other,Undivided Two way,Tangent road with flat terrain,No junction,Asphalt roads,Wet or damp,Darkness - lights lit,Normal,Collision with roadside objects,1,1,Going straight,3,Driving carelessly,Serious Injury,0.6931471805599453,0.6931471805599453
17:45:00,Wednesday,Unknown,Female,Junior high school,Employee,2-5yr,Private Vehicle,Owner,2-5yrs,,Other,Two-way (divided with broken lines road marking),Tangent road with flat terrain,Crossing,Asphalt roads,Dry,Darkness - lights lit,Normal,Vehicle with vehicle collision,1,1,Going straight,na,No Distance,Slight Injury,0.6931471805599453,0.6931471805599453
9:57:00,Thursday,31-50,Male,Elementary school,Employee,5-10yr,Public Transport,Owner,,,Office areas,Undivided Two way,Tangent road with flat terrain,Y Shape,Asphalt roads,Dry,Daylight,Normal,Vehicle with vehicle collision,2,1,Going straight,2,Moving Backward,Slight Injury,1.0986122886681096,0.6931471805599453
9:57:00,Thursday,Over 51,Male,Junior high school,Employee,Above 10yr,Commercial Vehicle,Owner,,No defect,Other,Double carriageway (median),Tangent road with flat terrain,Y Shape,Asphalt roads,Dry,Daylight,Normal,Vehicle with vehicle collision,2,1,Going straight,3,No Distance,Slight Injury,1.0986122886681096,0.6931471805599453
18:00:00,Friday,31-50,Male,,,,Commercial Vehicle,Owner,,, Church areas,other,Tangent road with flat terrain,Y Shape,Asphalt roads,Dry,Darkness - lights lit,Normal,Vehicle with vehicle collision,2,1,Going straight,na,Moving Backward,Serious Injury,1.0986122886681096,0.6931471805599453
18:00:00,Friday,Unknown,Female,Junior high school,Employee,2-5yr,Commercial Vehicle,Owner,,No defect,Office areas,Two-way (divided with broken lines road marking),Tangent road with flat terrain,Y Shape,Asphalt roads,Dry,Darkness - lights lit,Normal,Vehicle with vehicle collision,2,1,Moving Backward,3,Priority Violation,Serious Injury,1.0986122886681096,0.6931471805599453
19:00:00,Tuesday,18-30,Male,Junior high school,Employee,5-10yr,Private Vehicle,Owner,Above 10yr,No defect,Office areas,Two-way (divided with broken lines road marking),Tangent road with flat terrain,Y Shape,Asphalt roads,Wet or damp,Darkness - lights lit,Other,Vehicle with vehicle collision,2,3,Going straight,na,Unsafe Lane Change,Slight Injury,1.0986122886681096,1.3862943611198906
19:00:00,Tuesday,31-50,Male,Above high school,Employee,2-5yr,Other,Owner,2-5yrs,,Other,Undivided Two way,Tangent road with mountainous terrain and,Y Shape,Asphalt roads,Wet or damp,Darkness - lights lit,Other,Vehicle with vehicle collision,2,3,Going straight,2,No Distance,Slight Injury,1.0986122886681096,1.3862943611198906
19:00:00,Tuesday,31-50,Male,,,,Private Vehicle,Owner,2-5yrs,,Residential areas,Undivided Two way,Tangent road with flat terrain,Y Shape,Asphalt roads,Wet or damp,Darkness - lights lit,Other,Vehicle with vehicle collision,2,3,Going straight,3,Other,Slight Injury,1.0986122886681096,1.3862943611198906
19:00:00,Tuesday,31-50,Male,,Employee,1-2yr,Commercial Vehicle,Owner,Unknown,No defect,Residential areas,Undivided Two way,Tangent road with flat terrain,Y Shape,Asphalt roads,Wet or damp,Darkness - lights lit,Other,Vehicle with vehicle collision,2,3,Going straight,3,No Distance,Slight Injury,1.0986122886681096,1.3862943611198906
13:05:00,Friday,31-50,Male,Junior high school,Employee,2-5yr,Private Vehicle,Owner,5-10yrs,7,,Two-way (divided with broken lines road marking),Tangent road with flat terrain,Other,Asphalt roads,Dry,Daylight,Normal,Vehicle with vehicle collision,2,2,Going straight,2,Priority Violation,Serious Injury,1.0986122886681096,1.0986122886681096
13:05:00,Friday,18-30,Male,Junior high school,Employee,Above 10yr,Private Vehicle,Owner,Unknown,7,Other,other,Tangent road with flat terrain,Other,Asphalt roads,Dry,Daylight,Normal,Vehicle with vehicle collision,2,2,Going straight,3,Moving Backward,Serious Injury,1.0986122886681096,1.0986122886681096
8:25:00,Wednesday,Over 51,Male,Junior high school,Employee,Below 1yr,Commercial Vehicle,Owner,Unknown,No defect,Office areas,Two-way (divided with broken lines road marking),Steep grade downward with mountainous terrain,No junction,Asphalt roads,Wet or damp,Daylight,Raining,Vehicle with vehicle collision,1,1,Going straight,2,Priority Violation,Slight Injury,0.6931471805599453,0.6931471805599453
13:51:00,Tuesday,Under 18,Male,Junior high school,Employee,2-5yr,Private Vehicle,Governmental,Unknown,No defect,School areas,Double carriageway (median),Tangent road with flat terrain,No junction,Asphalt roads,Wet or damp,Daylight,Normal,Vehicle with vehicle collision,1,1,Going straight,na,No Distance,Serious Injury,0.6931471805599453,0.6931471805599453
16:10:00,Monday,31-50,Male,Junior high school,Employee,Below 1yr,Private Vehicle,Owner,Unknown,No defect,Other,Two-way (divided with broken lines road marking),Steep grade downward with mountainous terrain,Unknown,Asphalt roads,Wet or damp,Darkness - lights unlit,Normal,Vehicle with vehicle collision,2,2,Going straight,2,Priority Violation,Slight Injury,1.0986122886681096,1.0986122886681096
16:10:00,Monday,31-50,Male,High school,Employee,5-10yr,Commercial Vehicle,Owner,5-10yrs,No defect,Other,Two-way (divided with broken lines road marking),Tangent road with rolling terrain,Unknown,Asphalt roads,Wet or damp,Darkness - lights unlit,Normal,Vehicle with vehicle collision,2,2,Going straight,na,Driving carelessly,Slight Injury,1.0986122886681096,1.0986122886681096
8:55:00,Thursday,18-30,Male,Above high school,Employee,1-2yr,Public Transport,Governmental,Unknown,No defect, Church areas,Two-way (divided with broken lines road marking),Tangent road with flat terrain,Y Shape,Asphalt roads,Wet or damp,Daylight,Other,Vehicle with vehicle collision,2,2,Going straight,3,Improper Parking/Exit,Slight Injury,1.0986122886681096,1.0986122886681096
8:55:00,Thursday,Over 51,Male,Junior high school,Employee,Below 1yr,Private Vehicle,,,,Office areas,Two-way (divided with broken lines road marking),Tangent road with mild grade and flat terrain,Y Shape,Asphalt roads,Wet or damp,Daylight,Other,Vehicle with vehicle collision,2,2,Going straight,3,Driving carelessly,Slight Injury,1.0986122886681096,1.0986122886681096
8:55:00,Thursday,Over 51,Male,,,,Commercial Vehicle,Owner,,,Other,Two-way (divided with broken lines road marking),Tangent road with mild grade and flat terrain,Y Shape,Asphalt roads,Wet or damp,Daylight,Other,Vehicle with vehicle collision,2,2,Other,na,Unsafe Lane Change,Slight Injury,1.0986122886681096,1.0986122886681096
2:04:00,Thursday,31-50,Male,High school,Employee,Below 1yr,Private Vehicle,Governmental,,No defect,Residential areas,Double carriageway (median),Tangent road with flat terrain,No junction,Asphalt roads,Wet or damp,Darkness - lights lit,Other,Collision with roadside objects,1,1,Going straight,3,Priority Violation,Slight Injury,0.6931471805599453,0.6931471805599453
7:30:00,Wednesday,Over 51,Male,High school,Employee,Below 1yr,Public Transport,Owner,,,Office areas,Two-way (divided with broken lines road marking),Tangent road with flat terrain,Crossing,Asphalt roads,Wet or damp,Darkness - lights lit,Windy,Vehicle with vehicle collision,2,1,Going straight,na,Unsafe Lane Change,Slight Injury,1.0986122886681096,0.6931471805599453
7:30:00,Wednesday,31-50,Male,,,,Commercial Vehicle,Owner,,,Office areas,Undivided Two way,Tangent road with flat terrain,Crossing,Asphalt roads,Wet or damp,Darkness - lights lit,Windy,Collision with pedestrians,2,1,Going straight,3,Unsafe Lane Change,Slight Injury,1.0986122886681096,0.6931471805599453
11:44:00,Wednesday,Over 51,Male,High school,Employee,2-5yr,Commercial Vehicle,Owner,Below 1yr,,Office areas,Two-way (divided with broken lines road marking),Tangent road with flat terrain,Y Shape,Asphalt roads,Dry,Daylight,Normal,Vehicle with vehicle collision,1,1,Going straight,na,No Distance,Fatal injury,0.6931471805599453,0.6931471805599453
18:15:00,Thursday,Over 51,Male,Junior high school,Employee,Above 10yr,Commercial Vehicle,Organization,1-2yr,, Church areas,Two-way (divided with broken lines road marking),Tangent road with flat terrain,Unknown,Asphalt roads,Wet or damp,Darkness - lights lit,Raining,Collision with roadside objects,2,1,Going straight,na,No Distance,Serious Injury,1.0986122886681096,0.6931471805599453
18:15:00,Thursday,Under 18,Male,Junior high school,Employee,Above 10yr,Other,Owner,,,Office areas,Two-way (divided with broken lines road marking),Tangent road with flat terrain,Unknown,Asphalt roads,Wet or damp,Darkness - lights lit,Raining,Vehicle with vehicle collision,2,1,Going straight,3,Unsafe Lane Change,Serious Injury,1.0986122886681096,0.6931471805599453
14:29:00,Saturday,31-50,Male,Junior high school,Employee,5-10yr,Private Vehicle,Owner,1-2yr,,Office areas,Two-way (divided with broken lines road marking),Tangent road with mild grade and flat terrain,Y Shape,Asphalt roads,Dry,Daylight,Unknown,Vehicle with vehicle collision,2,1,Going straight,3,Unsafe Lane Change,Slight Injury,1.0986122886681096,0.6931471805599453
14:29:00,Saturday,18-30,Male,Junior high school,Employee,1-2yr,Commercial Vehicle,Owner,,,Office areas,Two-way (divided with broken lines road marking),Tangent road with mild grade and flat terrain,Y Shape,Asphalt roads,Dry,Daylight,Unknown,Vehicle with vehicle collision,2,1,Other,na,Priority Violation,Slight Injury,1.0986122886681096,0.6931471805599453
2:10:00,Saturday,Unknown,Female,Unknown,Employee,Below 1yr,Commercial Vehicle,Owner,5-10yrs,No defect,Office areas,Two-way (divided with broken lines road marking),Tangent road with flat terrain,No junction,Asphalt roads,Dry,Darkness - lights lit,Normal,Vehicle with vehicle collision,1,1,Going straight,2,Unsafe Lane Change,Slight Injury,0.6931471805599453,0.6931471805599453
17:15:00,Wednesday,Over 51,Male,Junior high school,Employee,Below 1yr,Commercial Vehicle,Owner,,No defect,Other,Two-way (divided with broken lines road marking),Tangent road with flat terrain,Y Shape,Asphalt roads,Wet or damp,Darkness - lights lit,Unknown,Vehicle with vehicle collision,1,1,Going straight,na,Priority Violation,Serious Injury,0.6931471805599453,0.6931471805599453
11:29:00,Saturday,18-30,Male,High school,Employee,2-5yr,Private Vehicle,Owner,,No defect,Residential areas,Double carriageway (median),Tangent road with flat terrain,Y Shape,Asphalt roads,Dry,Daylight,Normal,Rollover,2,3,Going straight,3,Moving Backward,Slight Injury,1.0986122886681096,1.3862943611198906
11:29:00,Saturday,Over 51,Male,Junior high school,Owner,1-2yr,Public Transport,Owner,,No defect, Church areas,Undivided Two way,Tangent road with flat terrain,Y Shape,Asphalt roads,Dry,Daylight,Normal,Collision with roadside objects,2,3,Going straight,2,Unsafe Lane Change,Slight Injury,1.0986122886681096,1.3862943611198906
11:29:00,Saturday,Over 51,Male,Junior high school,Employee,5-10yr,Public Transport,Owner,,No defect,Other,Two-way (divided with broken lines road marking),Tangent road with flat terrain,Y Shape,Asphalt roads,Dry,Daylight,Normal,Vehicle with vehicle collision,2,3,Going straight,na,No Distance,Slight Injury,1.0986122886681096,1.3862943611198906
11:29:00,Saturday,Over 51,Male,Elementary school,Employee,2-5yr,Commercial Vehicle,Owner,,No defect,  Recreational areas,Two-way (divided with broken lines road marking),Tangent road with flat terrain,Y Shape,Asphalt roads,Dry,Daylight,Normal,Collision with roadside objects,2,3,Going straight,3,No Distance,Slight Injury,1.0986122886681096,1.3862943611198906