Time,Day_of_week,Age_band_of_driver,Sex_of_driver,Educational_level,Vehicle_driver_relation,Driving_experience,Type_of_vehicle,Owner_of_vehicle,Service_year_of_vehicle,Defect_of_vehicle,Area_accident_occured,Lanes_or_Medians,Road_allignment,Types_of_Junction,Road_surface_type,Road_surface_conditions,Light_conditions,Weather_conditions,Type_of_collision,Number_of_vehicles_involved,Number_of_casualties,Vehicle_movement,Casualty_severity,Cause_of_accident,Accident_severity,Number_of_vehicles_involved_log,Number_of_casualties_log
22:30:00,Sunday,Over 51,Male,Junior high school,Employee,1-2yr,Private Vehicle,Owner,Unknown,No defect,Other,Two-way (divided with broken lines road marking),Tangent road with flat terrain,Y Shape,Asphalt roads,Dry,Daylight,Normal,Collision with roadside objects,2,1,Going straight,3,Unsafe Lane Change,Serious Injury,1.0986122886681096,0.6931471805599453
17:45:00,Tuesday,31-50,Female,Elementary school,Employee,Above 10yr,Commercial Vehicle,Owner,Unknown,No defect,Residential areas,Undivided Two way,Tangent road with flat terrain,Y Shape,Asphalt roads,Dry,Daylight,Normal,,2,1,Going straight,3,Driving carelessly,Serious Injury,1.0986122886681096,0.6931471805599453
17:45:00,Tuesday,Unknown,Male,Elementary school,Employee,Above 10yr,Non-Motorized,Owner,Unknown,No defect,Office areas,Undivided Two way,Tangent road with flat terrain,Y Shape,Asphalt roads,Dry,Daylight,Normal,Vehicle with vehicle collision,2,1,Going straight,3,Speeding,Serious Injury,1.0986122886681096,0.6931471805599453
17:45:00,Tuesday,Unknown,Male,Elementary school,Employee,Below 1yr,Private Vehicle,Owner,Unknown,No defect,Office areas,Undivided Two way,Tangent road with flat terrain,Y Shape,Asphalt roads,Dry,Daylight,Normal,,2,1,Moving Backward,3,Unsafe Lane Change,Slight Injury,1.0986122886681096,0.6931471805599453
14:30:00,Sunday,31-50,Male,High school,Employee,2-5yr,Commercial Vehicle,Owner,Unknown,No defect,Residential areas,Undivided Two way,Tangent road with flat terrain,Y Shape,Asphalt roads,Dry,Daylight,Normal,,2,1,Going straight,na,No Distance,Slight Injury,1.0986122886681096,0.6931471805599453
14:30:00,Sunday,Under 18,Male,Junior high school,Employee,2-5yr,Commercial Vehicle,Owner,Unknown,No defect,Office areas,Undivided Two way,Tangent road with flat terrain,Y Shape,Asphalt roads,Dry,Daylight,Normal,,3,2,Going straight,3,Other,Slight Injury,1.3862943611198906,1.0986122886681096
6:10:00,Friday,18-30,Male,Above high school,Employee,Above 10yr,Public Transport,Owner,Unknown,No defect,Office areas,Undivided Two way,Tangent road with flat terrain,Y Shape,Asphalt roads,Dry,Daylight,Normal,Vehicle with vehicle collision,3,2,Moving Backward,na,Unsafe Lane Change,Slight Injury,1.3862943611198906,1.0986122886681096
6:10:00,Friday,18-30,Male,Junior high school,Employee,2-5yr,Private Vehicle,Owner,Unknown,No defect,Office areas,Two-way (divided with broken lines road marking),Tangent road with flat terrain,Y Shape,Asphalt roads,Dry,Daylight,Normal,Vehicle with vehicle collision,3,2,Moving Backward,3,Unsafe Lane Change,Slight Injury,1.3862943611198906,1.0986122886681096
22:10:00,Wednesday,31-50,Male,Junior high school,Employee,2-5yr,Private Vehicle,Owner,Unknown,No defect,Office areas,Two-way (divided with broken lines road marking),Tangent road with flat terrain,Y Shape,Asphalt roads,Dry,Daylight,Normal,Collision with roadside objects,1,1,Going straight,3,Speeding,Slight Injury,0.6931471805599453,0.6931471805599453
22:10:00,Wednesday,31-50,Male,High school,Employee,1-2yr,Public Transport,Owner,Unknown,No defect,Other,Undivided Two way,Tangent road with flat terrain,Y Shape,Asphalt roads,Dry,Daylight,Normal,Collision with roadside objects,1,1,Turnover,3,Other,Slight Injury,0.6931471805599453,0.6931471805599453
19:00:00,Tuesday,Over 51,Male,Junior high school,Employee,5-10yr,Private Vehicle,Owner,Unknown,No defect,Other,Two-way (divided with broken lines road marking),Tangent road with flat terrain,Y Shape,Asphalt roads,Dry,Daylight,Normal,Vehicle with vehicle collision,2,2,Turnover,3,Unsafe Lane Change,Slight Injury,1.0986122886681096,1.0986122886681096
19:00:00,Tuesday,31-50,Male,Junior high school,Employee,Below 1yr,Private Vehicle,Owner,2-5yrs,,Other,Two-way (divided with broken lines road marking),Tangent road with flat terrain,Y Shape,Asphalt roads,Dry,Daylight,Normal,Vehicle with vehicle collision,2,2,Going straight,3,Speeding,Slight Injury,1.0986122886681096,1.0986122886681096
18:25:00,Wednesday,18-30,Male,Junior high school,Employee,Below 1yr,Private Vehicle,Owner,2-5yrs,,Residential areas,One way,Tangent road with flat terrain,Y Shape,Asphalt roads,Dry,Daylight,Normal,Vehicle with vehicle collision,2,2,Going straight,na,Priority Violation,Slight Injury,1.0986122886681096,1.0986122886681096
17:11:00,Sunday,31-50,Male,Elementary school,Employee,,Commercial Vehicle,Owner,2-5yrs,,School areas,Undivided Two way,Tangent road with mild grade and flat terrain,Y Shape,Asphalt roads,Dry,Daylight,Normal,Vehicle with vehicle collision,1,1,Going straight,3,Moving Backward,Slight Injury,0.6931471805599453,0.6931471805599453
17:11:00,Sunday,31-50,Male,Junior high school,Employee,Below 1yr,Private Vehicle,Owner,2-5yrs,,Residential areas,Undivided Two way,Tangent road with mild grade and flat terrain,Y Shape,Gravel roads,Dry,Daylight,Normal,Vehicle with vehicle collision,2,1,Going straight,2,Other,Slight Injury,1.0986122886681096,0.6931471805599453
17:10:00,Thursday,31-50,Male,Junior high school,Employee,1-2yr,Private Vehicle,Owner,2-5yrs,No defect,Office areas,Two-way (divided with broken lines road marking),Tangent road with flat terrain,Y Shape,Asphalt roads,Dry,Daylight,Normal,Rollover,2,1,Going straight,na,Priority Violation,Slight Injury,1.0986122886681096,0.6931471805599453
17:10:00,Thursday,31-50,Male,Elementary school,Employee,2-5yr,Public Transport,Owner,,No defect, Church areas,One way,Tangent road with flat terrain,Y Shape,Asphalt roads,Dry,Daylight,Normal,Vehicle with vehicle collision,1,1,Going straight,na,Priority Violation,Serious Injury,0.6931471805599453,0.6931471805599453
17:10:00,Thursday,Over 51,Male,High school,Employee,1-2yr,Public Transport,Owner,,No defect,Other,Undivided Two way,Tangent road with flat terrain,Y Shape,Asphalt roads,Wet or damp,Darkness - lights lit,Raining,Collision with roadside objects,2,3,Getting off,3,Unsafe Lane Change,Slight Injury,1.0986122886681096,1.3862943611198906
17:50:00,Friday,18-30,Male,Junior high school,Employee,5-10yr,Private Vehicle,Owner,2-5yrs,No defect,Other,One way,Tangent road with flat terrain,Y Shape,Asphalt roads,Wet or damp,Darkness - lights lit,Raining,Collision with pedestrians,2,3,Moving Backward,na,Unsafe Lane Change,Slight Injury,1.0986122886681096,1.3862943611198906
17:50:00,Friday,Under 18,Male,Junior high school,Employee,Below 1yr,Public Transport,Owner,5-10yrs,No defect,Other,Two-way (divided with broken lines road marking),Tangent road with flat terrain,Y Shape,Asphalt roads,Wet or damp,Darkness - lights lit,Raining,Vehicle with vehicle collision,2,3,Other,3,Unsafe Lane Change,Slight Injury,1.0986122886681096,1.3862943611198906
8:25:00,Monday,Unknown,Male,High school,Employee,Above 10yr,Private Vehicle,Owner,,No defect,Other,Two-way (divided with broken lines road marking),Tangent road with flat terrain,Y Shape,Asphalt roads,Dry,Daylight,Normal,Vehicle with vehicle collision,1,2,Going straight,3,Unsafe Lane Change,Serious Injury,0.6931471805599453,1.0986122886681096
13:00:00,Tuesday,18-30,Male,Elementary school,Owner,5-10yr,Private Vehicle,Owner,,No defect,Office areas,Undivided Two way,Tangent road with flat terrain,Y Shape,Asphalt roads,Dry,Daylight,Normal,Vehicle with vehicle collision,1,2,Going straight,na,Unsafe Lane Change,Serious Injury,0.6931471805599453,1.0986122886681096
13:00:00,Tuesday,Under 18,Male,Elementary school,Employee,Below 1yr,Private Vehicle,Owner,,No defect,Office areas,Two-way (divided with solid lines road marking),Tangent road with flat terrain,Y Shape,Asphalt roads,Dry,Daylight,Normal,Vehicle with vehicle collision,2,1,Going straight,3,Moving Backward,Serious Injury,1.0986122886681096,0.6931471805599453
23:45:00,Friday,Unknown,Male,Junior high school,Employee,5-10yr,Commercial Vehicle,Owner,Unknown,No defect,Residential areas,Undivided Two way,Tangent road with flat terrain,Y Shape,Asphalt roads,Dry,Daylight,Normal,Vehicle with vehicle collision,2,1,Going straight,3,Speeding,Serious Injury,1.0986122886681096,0.6931471805599453
23:45:00,Friday,18-30,Male,Elementary school,Owner,5-10yr,Private Vehicle,Owner,Unknown,No defect,Office areas,One way,Tangent road with flat terrain,Y Shape,Asphalt roads,Dry,Daylight,Normal,Vehicle with vehicle collision,2,1,Going straight,3,Moving Backward,Serious Injury,1.0986122886681096,0.6931471805599453
23:45:00,Friday,18-30,Male,Junior high school,Employee,2-5yr,Public Transport,Owner,Unknown,No defect,Residential areas,Two-way (divided with broken lines road marking),Tangent road with flat terrain,Y Shape,Asphalt roads,Dry,Daylight,Normal,Vehicle with vehicle collision,2,1,Going straight,na,No Distance,Serious Injury,1.0986122886681096,0.6931471805599453
20:50:00,Tuesday,31-50,Male,Junior high school,Employee,Above 10yr,Private Vehicle,Owner,Unknown,No defect,Office areas,Undivided Two way,Tangent road with flat terrain,Y Shape,Asphalt roads,Dry,Daylight,Normal,Collision with roadside objects,1,1,Going straight,3,Other,Slight Injury,0.6931471805599453,0.6931471805599453
20:50:00,Tuesday,18-30,Male,Junior high school,Employee,5-10yr,Private Vehicle,Owner,Unknown,No defect,Other,Two-way (divided with broken lines road marking),Tangent road with flat terrain,Y Shape,Asphalt roads,Dry,Daylight,Normal,Rollover,2,1,Going straight,3,Priority Violation,Slight Injury,1.0986122886681096,0.6931471805599453
10:54:00,Friday,31-50,Male,High school,Employee,1-2yr,Commercial Vehicle,Owner,Unknown,No defect,Office areas,One way,Tangent road with flat terrain,Y Shape,Asphalt roads,Dry,Daylight,Normal,Vehicle with vehicle collision,2,1,Going straight,3,Unsafe Lane Change,Slight Injury,1.0986122886681096,0.6931471805599453
16:50:00,Monday,18-30,Male,Elementary school,Employee,5-10yr,Private Vehicle,Owner,Unknown,No defect,School areas,Undivided Two way,Tangent road with flat terrain,Y Shape,Gravel roads,Dry,Daylight,Normal,Collision with pedestrians,2,1,Going straight,na,Other,Slight Injury,1.0986122886681096,0.6931471805599453
16:50:00,Monday,Over 51,Male,Elementary school,Employee,2-5yr,Private Vehicle,Owner,,,Residential areas,One way,Tangent road with flat terrain,Y Shape,Asphalt roads,Dry,Daylight,Normal,Vehicle with vehicle collision,2,1,Going straight,3,No Distance,Slight Injury,1.0986122886681096,0.6931471805599453
16:50:00,Monday,Over 51,Male,Junior high school,Employee,Below 1yr,Private Vehicle,Owner,,,Office areas,Undivided Two way,Tangent road with flat terrain,Y Shape,Asphalt roads,Wet or damp,Daylight,Normal,Vehicle with vehicle collision,1,1,Going straight,3,Driving carelessly,Serious Injury,0.6931471805599453,0.6931471805599453
18:30:00,Sunday,Over 51,Male,Junior high school,Employee,Below 1yr,Private Vehicle,Owner,Unknown,No defect,Residential areas,Undivided Two way,Tangent road with flat terrain,Y Shape,Asphalt roads,Dry,Daylight,Other,Collision with pedestrians,2,1,Moving Backward,na,No Distance,Slight Injury,1.0986122886681096,0.6931471805599453
18:30:00,Sunday,Over 51,Male,Junior high school,Employee,5-10yr,Private Vehicle,Owner,Above 10yr,,Office areas,Undivided Two way,Tangent road with flat terrain,Y Shape,Asphalt roads,Dry,Daylight,Other,Collision with pedestrians,2,1,Going straight,3,Moving Backward,Slight Injury,1.0986122886681096,0.6931471805599453
18:30:00,Sunday,31-50,Female,Junior high school,Owner,5-10yr,Private Vehicle,Owner,Above 10yr,,Residential areas,One way,Tangent road with flat terrain,Y Shape,Earth roads,Wet or damp,Daylight,Normal,Vehicle with vehicle collision,2,1,Moving Backward,na,No Distance,Slight Injury,1.0986122886681096,0.6931471805599453
18:30:00,Sunday,31-50,Female,Elementary school,Employee,1-2yr,Public Transport,Owner,Unknown,No defect,Other,other,Tangent road with flat terrain,Y Shape,Asphalt roads,Wet or damp,Daylight,Normal,Vehicle with vehicle collision,2,1,Moving Backward,3,Moving Backward,Slight Injury,1.0986122886681096,0.6931471805599453
18:30:00,Sunday,31-50,Male,Junior high school,Employee,,Private Vehicle,Other,Unknown,,Other,Two-way (divided with broken lines road marking),Tangent road with flat terrain,Y Shape,Asphalt roads,Dry,Daylight,Normal,Vehicle with vehicle collision,1,1,Going straight,na,Priority Violation,Slight Injury,0.6931471805599453,0.6931471805599453
15:50:00,Thursday,Unknown,Male,Elementary school,Employee,Above 10yr,Private Vehicle,Owner,5-10yrs,,Office areas,Two-way (divided with broken lines road marking),Tangent road with flat terrain,Y Shape,,Dry,Daylight,Normal,Vehicle with vehicle collision,1,1,Going straight,na,Unsafe Lane Change,Slight Injury,0.6931471805599453,0.6931471805599453
15:50:00,Thursday,31-50,Male,Junior high school,Owner,1-2yr,Private Vehicle,Owner,Above 10yr,No defect,Office areas,Two-way (divided with broken lines road marking),Tangent road with flat terrain,Y Shape,Gravel roads,Dry,Daylight,Normal,Vehicle with vehicle collision,2,1,Going straight,3,No Distance,Slight Injury,1.0986122886681096,0.6931471805599453
15:40:00,Friday,Under 18,Male,,,,Other,Owner,2-5yrs,No defect,Residential areas,Two-way (divided with broken lines road marking),Tangent road with flat terrain,Y Shape,Asphalt roads,Dry,Daylight,Normal,Collision with roadside objects,2,1,Going straight,3,Other,Slight Injury,1.0986122886681096,0.6931471805599453
15:40:00,Friday,Over 51,Male,Junior high school,Employee,Above 10yr,Private Vehicle,Owner,,No defect,Other,Two-way (divided with broken lines road marking),Tangent road with flat terrain,Y Shape,,Dry,Daylight,Normal,Vehicle with vehicle collision,2,1,Going straight,3,No Distance,Slight Injury,1.0986122886681096,0.6931471805599453
7:50:00,Thursday,18-30,Female,Elementary school,Owner,2-5yr,Commercial Vehicle,Governmental,,No defect,Other,Undivided Two way,Tangent road with flat terrain,Y Shape,Asphalt roads,Dry,Daylight,Normal,Vehicle with vehicle collision,2,1,Going straight,na,Priority Violation,Slight Injury,1.0986122886681096,0.6931471805599453
7:50:00,Thursday,31-50,Male,Junior high school,Employee,5-10yr,Public Transport,Owner,,No defect,Office areas,Two-way (divided with broken lines road marking),Tangent road with flat terrain,Y Shape,Earth roads,Dry,Darkness - lights lit,Normal,Vehicle with vehicle collision,1,1,,3,Moving Backward,Serious Injury,0.6931471805599453,0.6931471805599453
17:05:00,Monday,31-50,Male,Junior high school,Employee,Below 1yr,Other,Owner,,No defect,Office areas,Two-way (divided with broken lines road marking),Tangent road with flat terrain,Y Shape,Asphalt roads,Dry,Daylight,Normal,Vehicle with vehicle collision,1,1,Other,3,Priority Violation,Slight Injury,0.6931471805599453,0.6931471805599453
15:25:00,Monday,31-50,Male,Junior high school,Employee,5-10yr,Public Transport,Owner,Unknown,No defect, Church areas,Undivided Two way,Tangent road with flat terrain,Y Shape,Asphalt roads,Dry,Daylight,Normal,Vehicle with vehicle collision,1,1,Going straight,3,No Distance,Slight Injury,0.6931471805599453,0.6931471805599453
9:45:00,Monday,Over 51,Male,High school,Employee,Above 10yr,Private Vehicle,Governmental,Unknown,No defect,Other,One way,Tangent road with flat terrain,Y Shape,Asphalt roads,Wet or damp,Daylight,Raining,Vehicle with vehicle collision,1,1,,3,Priority Violation,Slight Injury,0.6931471805599453,0.6931471805599453
9:45:00,Monday,Over 51,Male,Junior high school,Employee,5-10yr,Private Vehicle,Owner,Unknown,No defect,Office areas,Undivided Two way,Tangent road with flat terrain,Y Shape,Asphalt roads,Wet or damp,Daylight,Raining,Vehicle with vehicle collision,2,2,Overtaking,3,Driving carelessly,Slight Injury,1.0986122886681096,1.0986122886681096
9:45:00,Monday,Unknown,Male,Elementary school,Employee,1-2yr,Public Transport,Owner,1-2yr,,Office areas,Two-way (divided with broken lines road marking),Tangent road with flat terrain,Y Shape,Asphalt roads,Wet or damp,Daylight,Raining,Vehicle with vehicle collision,2,2,Reversing,3,Improper Parking/Exit,Slight Injury,1.0986122886681096,1.0986122886681096
10:16:00,Friday,18-30,Male,Junior high school,Employee,,Commercial Vehicle,Owner,Below 1yr,,Residential areas,Two-way (divided with broken lines road marking),Tangent road with flat terrain,Y Shape,Earth roads,Wet or damp,Daylight,Raining,Vehicle with vehicle collision,2,2,Going straight,na,Driving carelessly,Slight Injury,1.0986122886681096,1.0986122886681096
8:54:00,Thursday,Over 51,Male,Elementary school,Employee,1-2yr,Commercial Vehicle,,,,Other,Undivided Two way,Tangent road with flat terrain,Y Shape,Asphalt roads,Dry,Daylight,Normal,Vehicle with vehicle collision,3,2,Other,3,Unsafe Lane Change,Slight Injury,1.3862943611198906,1.0986122886681096
13:00:00,Thursday,18-30,Male,Junior high school,Owner,1-2yr,Commercial Vehicle,Owner,5-10yrs,,Residential areas,Two-way (divided with broken lines road marking),Tangent road with flat terrain,Y Shape,Asphalt roads,Dry,Daylight,Normal,Vehicle with vehicle collision,3,2,Moving Backward,na,Priority Violation,Slight Injury,1.3862943611198906,1.0986122886681096
13:00:00,Thursday,Under 18,Male,Above high school,Owner,1-2yr,Private Vehicle,Governmental,,,Office areas,Two-way (divided with broken lines road marking),Tangent road with flat terrain,Y Shape,Asphalt roads,Dry,Daylight,Normal,Vehicle with vehicle collision,3,2,Going straight,na,Unsafe Lane Change,Slight Injury,1.3862943611198906,1.0986122886681096
17:10:00,Wednesday,18-30,Male,Junior high school,Owner,5-10yr,Commercial Vehicle,Owner,5-10yrs,,Office areas,Undivided Two way,Tangent road with flat terrain,Y Shape,Asphalt roads,Dry,Daylight,Normal,Vehicle with vehicle collision,3,2,Other,3,Unsafe Lane Change,Slight Injury,1.3862943611198906,1.0986122886681096
17:10:00,Wednesday,31-50,Male,Junior high school,Employee,5-10yr,Private Vehicle,Owner,Above 10yr,,Other,Undivided Two way,Tangent road with flat terrain,Y Shape,Asphalt roads,Wet or damp,Daylight,Raining,Vehicle with vehicle collision,1,1,Moving Backward,3,No Distance,Slight Injury,0.6931471805599453,0.6931471805599453
21:00:00,Saturday,18-30,Male,Elementary school,Employee,5-10yr,Private Vehicle,Owner,1-2yr,No defect,Other,other,Steep grade downward with mountainous terrain,Y Shape,Asphalt roads,Dry,Daylight,Normal,Vehicle with vehicle collision,3,1,Going straight,na,No Distance,Slight Injury,1.3862943611198906,0.6931471805599453
16:13:00,Wednesday,Under 18,Male,High school,Owner,Below 1yr,Other,Owner,2-5yrs,,Office areas,One way,Steep grade downward with mountainous terrain,Y Shape,Asphalt roads,Dry,Daylight,Normal,Collision with roadside objects,3,1,Going straight,3,Unsafe Lane Change,Slight Injury,1.3862943611198906,0.6931471805599453
16:13:00,Wednesday,31-50,Male,Junior high school,Employee,Above 10yr,Other,Owner,,No defect,Residential areas,Two-way (divided with broken lines road marking),Tangent road with flat terrain,Y Shape,Asphalt roads,Dry,Daylight,Normal,Vehicle with vehicle collision,3,1,Moving Backward,3,Unsafe Lane Change,Slight Injury,1.3862943611198906,0.6931471805599453
17:20:00,Tuesday,18-30,Male,Junior high school,Employee,5-10yr,Public Transport,Owner,,No defect,Other,Two-way (divided with broken lines road marking),Tangent road with flat terrain,Y Shape,Asphalt roads,Dry,Daylight,Normal,Vehicle with vehicle collision,2,2,Going straight,na,Priority Violation,Slight Injury,1.0986122886681096,1.0986122886681096
17:20:00,Tuesday,18-30,Male,Junior high school,Employee,Below 1yr,Private Vehicle,Organization,2-5yrs,,Residential areas,Undivided Two way,Tangent road with flat terrain,Y Shape,Asphalt roads,Dry,Daylight,Normal,Vehicle with vehicle collision,2,2,Getting off,3,Unsafe Lane Change,Slight Injury,1.0986122886681096,1.0986122886681096
22:00:00,Saturday,31-50,Male,Junior high school,Employee,Above 10yr,Commercial Vehicle,Owner,,No defect, Church areas,Two-way (divided with broken lines road marking),Tangent road with flat terrain,Y Shape,Asphalt roads,Dry,Daylight,Normal,Vehicle with vehicle collision,1,1,Going straight,3,Priority Violation,Slight Injury,0.6931471805599453,0.6931471805599453
7:58:00,Monday,18-30,Male,Junior high school,Employee,5-10yr,Commercial Vehicle,Governmental,,No defect,Residential areas,Two-way (divided with broken lines road marking),Tangent road with flat terrain,Y Shape,Earth roads,Wet or damp,Daylight,Raining,Collision with pedestrians,1,1,Going straight,2,Moving Backward,Slight Injury,0.6931471805599453,0.6931471805599453
7:58:00,Monday,18-30,Male,Junior high school,Owner,Above 10yr,Commercial Vehicle,Owner,,No defect,Office areas,One way,Tangent road with flat terrain,Y Shape,Asphalt roads,Wet or damp,Daylight,Raining,Vehicle with vehicle collision,2,2,Moving Backward,3,Unsafe Lane Change,Slight Injury,1.0986122886681096,1.0986122886681096
20:16:00,Sunday,31-50,Male,Junior high school,Employee,5-10yr,Commercial Vehicle,Governmental,Below 1yr,No defect,Residential areas,Two-way (divided with broken lines road marking),Tangent road with flat terrain,Y Shape,Asphalt roads,Wet or damp,Daylight,Raining,Vehicle with vehicle collision,2,2,Going straight,na,No Distance,Slight Injury,1.0986122886681096,1.0986122886681096
20:16:00,Sunday,Unknown,Male,Junior high school,Employee,1-2yr,Commercial Vehicle,Owner,Unknown,No defect,Other,One way,Tangent road with flat terrain,Y Shape,Asphalt roads,Wet or damp,Daylight,Raining,Vehicle with vehicle collision,1,2,Going straight,na,No Distance,Slight Injury,0.6931471805599453,1.0986122886681096
20:00:00,Saturday,Over 51,Male,Junior high school,Employee,1-2yr,Private Vehicle,Owner,Unknown,, Industrial areas,Two-way (divided with broken lines road marking),Tangent road with flat terrain,Y Shape,Asphalt roads,Wet or damp,Daylight,Raining,Vehicle with vehicle collision,1,2,Going straight,2,No Distance,Slight Injury,0.6931471805599453,1.0986122886681096
18:40:00,Thursday,18-30,Male,Junior high school,Employee,1-2yr,Public Transport,Owner,Unknown,, Church areas,Two-way (divided with broken lines road marking),Tangent road with flat terrain,Y Shape,Other,Dry,Daylight,Normal,Vehicle with vehicle collision,2,1,Going straight,3,Unsafe Lane Change,Slight Injury,1.0986122886681096,0.6931471805599453
16:31:00,Wednesday,31-50,Male,High school,Employee,2-5yr,Other,Owner,2-5yrs,No defect,Residential areas,Undivided Two way,Steep grade downward with mountainous terrain,Y Shape,Gravel roads,Dry,Daylight,Normal,Vehicle with vehicle collision,2,1,Going straight,na,Priority Violation,Slight Injury,1.0986122886681096,0.6931471805599453
18:45:00,Tuesday,18-30,Male,High school,Owner,Above 10yr,Private Vehicle,,,,,Two-way (divided with broken lines road marking),Tangent road with flat terrain,Y Shape,Gravel roads,Dry,Daylight,Normal,Vehicle with vehicle collision,1,1,Moving Backward,3,Speeding,Serious Injury,0.6931471805599453,0.6931471805599453
18:45:00,Tuesday,18-30,Unknown,Elementary school,Employee,2-5yr,Private Vehicle,,,,,Two-way (divided with broken lines road marking),Tangent road with flat terrain,Y Shape,Asphalt roads,Dry,Daylight,Normal,Vehicle with vehicle collision,1,1,Going straight,3,Speeding,Slight Injury,0.6931471805599453,0.6931471805599453
15:16:00,Monday,18-30,Male,Junior high school,Employee,Above 10yr,Private Vehicle,Owner,1-2yr,No defect,Office areas,Undivided Two way,Tangent road with flat terrain,Y Shape,Asphalt roads,Dry,Daylight,Normal,Collision with pedestrians,1,1,Going straight,3,Other,Slight Injury,0.6931471805599453,0.6931471805599453
18:35:00,Wednesday,Under 18,Female,High school,Employee,2-5yr,Private Vehicle,Owner,Above 10yr,No defect, Outside rural areas,Two-way (divided with broken lines road marking),Tangent road with mountainous terrain and,Y Shape,Earth roads,Wet or damp,Darkness - lights lit,Windy,Vehicle with vehicle collision,1,1,Moving Backward,3,Unsafe Lane Change,Serious Injury,0.6931471805599453,0.6931471805599453
18:35:00,Wednesday,18-30,Male,Junior high school,Other,No Licence,Public Transport,Owner,Above 10yr,No defect, Church areas,Two-way (divided with broken lines road marking),Steep grade downward with mountainous terrain,Y Shape,Asphalt roads,Dry,Daylight,Normal,Vehicle with vehicle collision,2,2,Moving Backward,na,Priority Violation,Slight Injury,1.0986122886681096,1.0986122886681096
20:40:00,Tuesday,31-50,Male,Junior high school,Employee,1-2yr,Commercial Vehicle,Owner,,No defect,Office areas,other,Tangent road with mountainous terrain and,Y Shape,Asphalt roads,Dry,Daylight,Normal,Vehicle with vehicle collision,2,2,Going straight,3,Unsafe Lane Change,Slight Injury,1.0986122886681096,1.0986122886681096
20:40:00,Tuesday,31-50,Male,Junior high school,Owner,5-10yr,Commercial Vehicle,Owner,Above 10yr,, Church areas,Two-way (divided with broken lines road marking),Steep grade downward with mountainous terrain,Y Shape,Asphalt roads,Dry,Darkness - lights lit,Normal,Vehicle with vehicle collision,2,1,Going straight,3,No Distance,Slight Injury,1.0986122886681096,0.6931471805599453
17:34:00,Monday,31-50,Male,Junior high school,Employee,1-2yr,Commercial Vehicle,,,,Office areas,other,Tangent road with mountainous terrain and,Y Shape,Asphalt roads,Dry,Darkness - lights lit,Normal,Collision with roadside objects,2,1,Going straight,na,Moving Backward,Slight Injury,1.0986122886681096,0.6931471805599453
17:34:00,Monday,18-30,Male,Junior high school,Employee,Above 10yr,Private Vehicle,Governmental,,No defect,Office areas,Undivided Two way,Tangent road with flat terrain,Y Shape,Earth roads,Dry,Daylight,Normal,Vehicle with vehicle collision,2,1,Going straight,3,Unsafe Lane Change,Slight Injury,1.0986122886681096,0.6931471805599453
20:20:00,Wednesday,18-30,Male,Junior high school,Employee,1-2yr,Other,Owner,1-2yr,No defect,School areas,Two-way (divided with broken lines road marking),Tangent road with flat terrain,Y Shape,Asphalt roads,Dry,Daylight,Normal,Vehicle with vehicle collision,2,1,Going straight,na,Other,Slight Injury,1.0986122886681096,0.6931471805599453
22:25:00,Friday,31-50,Male,Junior high school,Employee,1-2yr,Private Vehicle,Owner,Below 1yr,No defect,Residential areas,Two-way (divided with broken lines road marking),Tangent road with flat terrain,Y Shape,Asphalt roads,Dry,Daylight,Normal,Vehicle with vehicle collision,2,2,Going straight,3,No Distance,Slight Injury,1.0986122886681096,1.0986122886681096
22:25:00,Friday,31-50,Male,Junior high school,Employee,2-5yr,Commercial Vehicle,Owner,,No defect,Office areas,other,Tangent road with mountainous terrain and,Y Shape,Asphalt roads,Dry,Daylight,Normal,Vehicle with vehicle collision,2,2,Going straight,2,Moving Backward,Slight Injury,1.0986122886681096,1.0986122886681096
22:25:00,Friday,18-30,Male,High school,Employee,1-2yr,Private Vehicle,Owner,Unknown,No defect,Rural village areasOffice areas,other,Tangent road with flat terrain,Y Shape,Asphalt roads,Dry,Daylight,Normal,Vehicle with vehicle collision,1,1,Going straight,3,No Distance,Slight Injury,0.6931471805599453,0.6931471805599453
15:10:00,Friday,Over 51,Female,Junior high school,Employee,1-2yr,Private Vehicle,Owner,Unknown,No defect,Other,Two-way (divided with broken lines road marking),Tangent road with flat terrain,Y Shape,Asphalt roads,Wet or damp,Daylight,Raining,Vehicle with vehicle collision,2,4,Going straight,3,Unsafe Lane Change,Slight Injury,1.0986122886681096,1.6094379124341003
17:10:00,Wednesday,31-50,Male,Elementary school,Employee,Above 10yr,Commercial Vehicle,Owner,Unknown,No defect,Residential areas,Undivided Two way,Tangent road with flat terrain,Y Shape,Asphalt roads,Wet or damp,Daylight,Raining,Vehicle with vehicle collision,2,4,Going straight,3,Unsafe Lane Change,Slight Injury,1.0986122886681096,1.6094379124341003
17:10:00,Wednesday,18-30,Male,Junior high school,Employee,Above 10yr,Private Vehicle,Owner,Unknown,No defect,Office areas,Undivided Two way,Tangent road with flat terrain,Y Shape,Asphalt roads,Wet or damp,Daylight,Raining,Collision with roadside objects,2,4,Other,na,Priority Violation,Slight Injury,1.0986122886681096,1.6094379124341003
6:12:00,Saturday,18-30,Male,Elementary school,Employee,Above 10yr,Private Vehicle,Owner,Unknown,No defect,Office areas,Undivided Two way,Tangent road with flat terrain,Y Shape,Asphalt roads,Wet or damp,Daylight,Raining,Vehicle with vehicle collision,2,4,Going straight,2,Unsafe Lane Change,Slight Injury,1.0986122886681096,1.6094379124341003
6:12:00,Saturday,Over 51,Male,Junior high school,Employee,Above 10yr,Commercial Vehicle,Owner,Unknown,No defect,Residential areas,Undivided Two way,Tangent road with flat terrain,Y Shape,Asphalt roads,Wet or damp,Daylight,Raining,Vehicle with vehicle collision,2,4,Reversing,na,Driving carelessly,Slight Injury,1.0986122886681096,1.6094379124341003