Time,Day_of_week,Age_band_of_driver,Sex_of_driver,Educational_level,Vehicle_driver_relation,Driving_experience,Type_of_vehicle,Owner_of_vehicle,Service_year_of_vehicle,Defect_of_vehicle,Area_accident_occured,Lanes_or_Medians,Road_allignment,Types_of_Junction,Road_surface_type,Road_surface_conditions,Light_conditions,Weather_conditions,Type_of_collision,Number_of_vehicles_involved,Number_of_casualties,Vehicle_movement,Casualty_severity,Cause_of_accident,Accident_severity,Number_of_vehicles_involved_log,Number_of_casualties_log
15:00:00,Saturday,31-50,Male,Junior high school,Employee,5-10yr,Special Vehicle,,,,Other,Double carriageway (median),Tangent road with flat terrain,No junction,Asphalt roads,Dry,Daylight,Normal,Collision with pedestrians,1,1,Moving Backward,3,Priority Violation,Slight Injury,0.6931471805599453,0.6931471805599453
18:02:00,Wednesday,31-50,Male,Elementary school,Employee,2-5yr,Commercial Vehicle,Governmental,,No defect,Other,Two-way (divided with broken lines road marking),Tangent road with mild grade and flat terrain,No junction,Earth roads,Dry,Daylight,Normal,Vehicle with vehicle collision,1,1,Going straight,na,Unsafe Lane Change,Slight Injury,0.6931471805599453,0.6931471805599453
21:25:00,Thursday,18-30,Male,Junior high school,Owner,2-5yr,Commercial Vehicle,Owner,Above 10yr,No defect, Hospital areas,Two-way (divided with broken lines road marking),Tangent road with flat terrain,No junction,Asphalt roads,Wet or damp,Darkness - lights lit,Normal,Vehicle with vehicle collision,1,1,Going straight,3,Priority Violation,Slight Injury,0.6931471805599453,0.6931471805599453
21:25:00,Thursday,18-30,Male,Elementary school,Employee,2-5yr,Public Transport,,Above 10yr,No defect,Other,Two-way (divided with broken lines road marking),Tangent road with flat terrain,No junction,Asphalt roads,Wet or damp,Darkness - lights lit,Normal,Vehicle with vehicle collision,4,2,Going straight,3,Priority Violation,Slight Injury,1.6094379124341003,1.0986122886681096
21:25:00,Thursday,18-30,Male,Junior high school,Owner,2-5yr,Private Vehicle,Owner,,No defect,Other,One way,Tangent road with flat terrain,No junction,Asphalt roads,Wet or damp,Darkness - lights lit,Normal,Vehicle with vehicle collision,4,2,Going straight,3,Unsafe Lane Change,Slight Injury,1.6094379124341003,1.0986122886681096
16:55:00,Friday,31-50,Male,Junior high school,Employee,Above 10yr,Private Vehicle,Owner,2-5yrs,No defect,Other,Two-way (divided with broken lines road marking),Tangent road with mild grade and flat terrain,Y Shape,Asphalt roads,Wet or damp,Darkness - lights lit,Normal,Collision with roadside objects,4,2,Moving Backward,3,Unsafe Lane Change,Slight Injury,1.6094379124341003,1.0986122886681096
16:55:00,Friday,31-50,Male,Junior high school,Employee,2-5yr,Commercial Vehicle,Owner,,,Office areas,Two-way (divided with broken lines road marking),Tangent road with flat terrain,Y Shape,Asphalt roads,Wet or damp,Darkness - lights lit,Normal,Vehicle with vehicle collision,4,2,Going straight,3,Unsafe Lane Change,Slight Injury,1.6094379124341003,1.0986122886681096
16:55:00,Friday,31-50,Male,Junior high school,Employee,1-2yr,Private Vehicle,Owner,Unknown,,Residential areas,Two-way (divided with broken lines road marking),Tangent road with flat terrain,Crossing,Asphalt roads,Dry,Daylight,Normal,Vehicle with vehicle collision,4,1,Other,3,Driving carelessly,Slight Injury,1.6094379124341003,0.6931471805599453
16:55:00,Friday,Unknown,Male,Junior high school,Employee,2-5yr,Private Vehicle,Owner,2-5yrs,No defect,Other,Two-way (divided with broken lines road marking),Tangent road with flat terrain,Crossing,Asphalt roads,Dry,Daylight,Normal,Vehicle with vehicle collision,4,1,Other,3,Unsafe Lane Change,Slight Injury,1.6094379124341003,0.6931471805599453
16:55:00,Friday,Unknown,Male,Junior high school,Employee,1-2yr,Private Vehicle,Owner,Unknown,,Residential areas,Two-way (divided with broken lines road marking),Tangent road with flat terrain,Unknown,Asphalt roads,Dry,Daylight,Normal,Vehicle with vehicle collision,4,1,Going straight,3,Driving carelessly,Slight Injury,1.6094379124341003,0.6931471805599453
20:15:00,Monday,18-30,Male,Junior high school,Employee,5-10yr,Private Vehicle,Owner,Unknown,,Other,Undivided Two way,Tangent road with flat terrain,Unknown,Asphalt roads,Dry,Daylight,Normal,Collision with roadside objects,4,1,Going straight,3,Priority Violation,Slight Injury,1.6094379124341003,0.6931471805599453
20:15:00,Monday,18-30,Male,Junior high school,Employee,5-10yr,Private Vehicle,Owner,2-5yrs,,Residential areas,Double carriageway (median),Tangent road with flat terrain,Crossing,Asphalt roads,Wet or damp,Darkness - lights lit,Cloudy,Vehicle with vehicle collision,3,2,Going straight,3,Driving carelessly,Slight Injury,1.3862943611198906,1.0986122886681096
20:15:00,Monday,18-30,Male,Elementary school,Owner,2-5yr,Commercial Vehicle,Owner,,,Office areas,Two-way (divided with broken lines road marking),Tangent road with flat terrain,Crossing,Earth roads,Wet or damp,Darkness - lights lit,Cloudy,Vehicle with vehicle collision,3,2,Going straight,3,Unsafe Lane Change,Slight Injury,1.3862943611198906,1.0986122886681096
15:30:00,Tuesday,31-50,Male,Elementary school,Employee,Below 1yr,Public Transport,Owner,5-10yrs,,Office areas,Two-way (divided with broken lines road marking),Tangent road with mild grade and flat terrain,Crossing,Asphalt roads,Wet or damp,Darkness - lights lit,Cloudy,Vehicle with vehicle collision,3,2,Other,3,Moving Backward,Slight Injury,1.3862943611198906,1.0986122886681096
20:17:00,Thursday,31-50,Male,,,,Public Transport,Owner,Unknown,,Office areas,Double carriageway (median),Tangent road with flat terrain,Y Shape,Asphalt roads,Wet or damp,Darkness - lights lit,Raining,Vehicle with vehicle collision,2,2,Going straight,3,Driving carelessly,Slight Injury,1.0986122886681096,1.0986122886681096
20:17:00,Thursday,31-50,Male,Junior high school,Employee,Above 10yr,Commercial Vehicle,Owner,,,  Recreational areas,Two-way (divided with broken lines road marking),Tangent road with flat terrain,Y Shape,Asphalt roads,Wet or damp,Darkness - lights lit,Raining,Vehicle with vehicle collision,2,2,Getting off,2,Unsafe Lane Change,Slight Injury,1.0986122886681096,1.0986122886681096
13:07:00,Sunday,31-50,Male,High school,Employee,1-2yr,Commercial Vehicle,Owner,,,Other,Two-way (divided with broken lines road marking),Tangent road with flat terrain,No junction,Asphalt roads,Snow,Daylight,Snow,Vehicle with vehicle collision,3,2,Going straight,2,Driving carelessly,Slight Injury,1.3862943611198906,1.0986122886681096
13:07:00,Sunday,31-50,Male,Junior high school,Owner,5-10yr,Commercial Vehicle,Owner,,,Other,other,Tangent road with flat terrain,No junction,Earth roads,Snow,Daylight,Snow,Vehicle with vehicle collision,3,2,Going straight,na,Driving carelessly,Slight Injury,1.3862943611198906,1.0986122886681096
13:07:00,Sunday,31-50,Male,Junior high school,Employee,1-2yr,Private Vehicle,Owner,5-10yrs,,Other,Two-way (divided with broken lines road marking),Tangent road with flat terrain,No junction,Asphalt roads,Snow,Daylight,Snow,Vehicle with vehicle collision,3,2,Going straight,2,Driving carelessly,Slight Injury,1.3862943611198906,1.0986122886681096
16:30:00,Tuesday,31-50,Male,Junior high school,Employee,Above 10yr,Private Vehicle,Owner,,,Other,Double carriageway (median),Tangent road with flat terrain,No junction,Asphalt roads,Snow,Daylight,Snow,Vehicle with vehicle collision,3,2,Going straight,3,Unsafe Lane Change,Slight Injury,1.3862943611198906,1.0986122886681096
16:30:00,Tuesday,31-50,Male,Junior high school,Employee,Below 1yr,Private Vehicle,Owner,2-5yrs,No defect,Other,Undivided Two way,Tangent road with mountainous terrain and,Crossing,Asphalt roads,Snow,Daylight,Snow,Vehicle with vehicle collision,3,2,Going straight,na,Unsafe Lane Change,Slight Injury,1.3862943611198906,1.0986122886681096
15:18:00,Monday,31-50,Male,Elementary school,Employee,2-5yr,Commercial Vehicle,Owner,2-5yrs,No defect,Office areas,Two-way (divided with broken lines road marking),Tangent road with flat terrain,Crossing,Asphalt roads,Snow,Daylight,Snow,Vehicle with vehicle collision,3,2,Going straight,na,Driving carelessly,Slight Injury,1.3862943611198906,1.0986122886681096
17:40:00,Wednesday,18-30,Male,Junior high school,Employee,5-10yr,Commercial Vehicle,Owner,Above 10yr,No defect,Office areas,Two-way (divided with broken lines road marking),Tangent road with flat terrain,Y Shape,Asphalt roads,Snow,Daylight,Snow,Collision with roadside objects,3,2,Moving Backward,3,Speeding,Slight Injury,1.3862943611198906,1.0986122886681096
18:32:00,Tuesday,18-30,Male,Elementary school,Employee,5-10yr,Private Vehicle,Owner,Unknown,No defect,Office areas,One way,Tangent road with flat terrain,Y Shape,Asphalt roads,Snow,Daylight,Snow,Collision with roadside objects,3,2,Going straight,3,Unsafe Lane Change,Slight Injury,1.3862943611198906,1.0986122886681096
18:32:00,Tuesday,18-30,Male,Junior high school,Owner,1-2yr,Private Vehicle,Owner,Above 10yr,No defect,Residential areas,Double carriageway (median),Tangent road with flat terrain,Y Shape,Asphalt roads,Wet or damp,Daylight,Snow,Collision with roadside objects,2,1,Other,na,No Distance,Slight Injury,1.0986122886681096,0.6931471805599453
18:32:00,Tuesday,31-50,Male,Junior high school,Employee,5-10yr,Private Vehicle,Governmental,Below 1yr,No defect,  Recreational areas,Two-way (divided with broken lines road marking),Tangent road with flat terrain,No junction,Asphalt roads,Wet or damp,Daylight,Snow,Collision with pedestrians,2,1,Going straight,3,Other,Slight Injury,1.0986122886681096,0.6931471805599453
18:32:00,Tuesday,Over 51,Male,Unknown,Other,,Other,Owner,Unknown,No defect, Church areas,Double carriageway (median),Tangent road with flat terrain,No junction,Other,Dry,Darkness - no lighting,Snow,Vehicle with vehicle collision,2,2,Going straight,na,Unsafe Lane Change,Slight Injury,1.0986122886681096,1.0986122886681096
18:35:00,Saturday,31-50,Male,High school,Employee,2-5yr,Special Vehicle,Owner,Unknown,No defect,Office areas,Undivided Two way,Tangent road with flat terrain,Y Shape,Asphalt roads,Dry,Darkness - no lighting,Snow,Vehicle with vehicle collision,2,2,Going straight,3,Unsafe Lane Change,Slight Injury,1.0986122886681096,1.0986122886681096
18:35:00,Saturday,31-50,Male,Junior high school,Employee,1-2yr,Commercial Vehicle,Owner,Unknown,No defect,Other,Two-way (divided with broken lines road marking),Tangent road with flat terrain,Y Shape,Asphalt roads,Wet or damp,Darkness - lights lit,Normal,Collision with pedestrians,2,6,Going straight,na,Speeding,Slight Injury,1.0986122886681096,1.9459101490553132
12:10:00,Friday,18-30,Male,Junior high school,Employee,5-10yr,Commercial Vehicle,Owner,,,Residential areas,other,Steep grade downward with mountainous terrain,Y Shape,Asphalt roads,Wet or damp,Darkness - lights lit,Normal,Vehicle with vehicle collision,2,6,,3,Other,Slight Injury,1.0986122886681096,1.9459101490553132
12:10:00,Friday,18-30,Male,Junior high school,Employee,2-5yr,Commercial Vehicle,Owner,,No defect,School areas,other,Tangent road with flat terrain,Y Shape,Asphalt roads,Wet or damp,Darkness - lights lit,Normal,Vehicle with vehicle collision,2,6,Moving Backward,3,Unsafe Lane Change,Slight Injury,1.0986122886681096,1.9459101490553132
15:08:00,Monday,18-30,Male,Junior high school,Employee,No Licence,Commercial Vehicle,Owner,1-2yr,No defect,Office areas,Two-way (divided with broken lines road marking),Tangent road with flat terrain,Crossing,Asphalt roads,Wet or damp,Darkness - lights lit,Normal,Vehicle with vehicle collision,2,6,,3,Speeding,Slight Injury,1.0986122886681096,1.9459101490553132
15:08:00,Monday,18-30,Male,Junior high school,Employee,Above 10yr,Private Vehicle,Owner,Above 10yr,No defect,Other,other,Tangent road with flat terrain,Crossing,Asphalt roads,Wet or damp,Darkness - lights lit,Normal,Vehicle with vehicle collision,2,6,Going straight,3,Priority Violation,Slight Injury,1.0986122886681096,1.9459101490553132
15:08:00,Monday,Over 51,Male,Junior high school,Employee,Above 10yr,Private Vehicle,Owner,Unknown,No defect,Other,Two-way (divided with broken lines road marking),Tangent road with flat terrain,Crossing,Asphalt roads,Wet or damp,Darkness - lights lit,Normal,Vehicle with vehicle collision,2,6,Going straight,na,Moving Backward,Slight Injury,1.0986122886681096,1.9459101490553132
15:08:00,Monday,Over 51,Male,Junior high school,Employee,5-10yr,Private Vehicle,Organization,2-5yrs,,Office areas,Two-way (divided with broken lines road marking),Tangent road with mountainous terrain and,No junction,Earth roads,Snow,Daylight,Normal,Vehicle with vehicle collision,4,2,,2,Other,Slight Injury,1.6094379124341003,1.0986122886681096
8:54:00,Thursday,18-30,Male,High school,Employee,2-5yr,Private Vehicle,Owner,,,Office areas,Two-way (divided with broken lines road marking),Tangent road with flat terrain,No junction,Asphalt roads,Snow,Daylight,Normal,Collision with roadside objects,4,2,Going straight,na,Priority Violation,Slight Injury,1.6094379124341003,1.0986122886681096
16:51:00,Wednesday,31-50,Male,High school,Owner,2-5yr,Private Vehicle,Owner,5-10yrs,,Other,Undivided Two way,Tangent road with flat terrain,No junction,Asphalt roads,Snow,Daylight,Normal,Collision with pedestrians,4,2,Going straight,3,Priority Violation,Slight Injury,1.6094379124341003,1.0986122886681096
19:02:00,Saturday,18-30,Male,Junior high school,Employee,Below 1yr,Private Vehicle,Owner,5-10yrs,No defect,Office areas,Two-way (divided with broken lines road marking),Tangent road with flat terrain,No junction,Asphalt roads,Snow,Daylight,Normal,Vehicle with vehicle collision,4,2,Going straight,na,Unsafe Lane Change,Slight Injury,1.6094379124341003,1.0986122886681096
19:02:00,Saturday,18-30,Male,Junior high school,Owner,Above 10yr,Public Transport,Owner,2-5yrs,No defect, Industrial areas,Two-way (divided with broken lines road marking),Tangent road with flat terrain,Y Shape,Asphalt roads,Wet or damp,Daylight,Snow,Vehicle with vehicle collision,2,1,Going straight,na,Unsafe Lane Change,Slight Injury,1.0986122886681096,0.6931471805599453
8:10:00,Monday,18-30,Male,Junior high school,Employee,Above 10yr,Public Transport,Owner,Unknown,No defect,Office areas,Undivided Two way,Tangent road with flat terrain,Y Shape,Asphalt roads,Wet or damp,Daylight,Snow,Collision with roadside objects,2,1,Going straight,3,Unsafe Lane Change,Slight Injury,1.0986122886681096,0.6931471805599453
8:10:00,Monday,31-50,Male,Elementary school,Employee,2-5yr,Private Vehicle,Owner,,,Other,Undivided Two way,Tangent road with flat terrain,Y Shape,Asphalt roads,Dry,Darkness - lights lit,Normal,Vehicle with vehicle collision,2,1,Going straight,3,Unsafe Lane Change,Slight Injury,1.0986122886681096,0.6931471805599453
17:50:00,Saturday,18-30,Male,Junior high school,Employee,2-5yr,Private Vehicle,Owner,Above 10yr,,Other,Two-way (divided with broken lines road marking),Tangent road with flat terrain,Crossing,Asphalt roads,Dry,Darkness - lights lit,Normal,Vehicle with vehicle collision,2,1,Going straight,3,Unsafe Lane Change,Slight Injury,1.0986122886681096,0.6931471805599453
17:50:00,Saturday,31-50,Male,Unknown,Employee,Above 10yr,Non-Motorized,Owner,Unknown,,Office areas,Two-way (divided with broken lines road marking),Tangent road with flat terrain,Crossing,Asphalt roads,Dry,Daylight,Normal,Vehicle with vehicle collision,1,1,Other,na,Moving Backward,Slight Injury,0.6931471805599453,0.6931471805599453
20:51:00,Tuesday,18-30,Male,Elementary school,Employee,5-10yr,Private Vehicle,,,, Church areas,Two-way (divided with broken lines road marking),Tangent road with flat terrain,Crossing,Asphalt roads,Wet or damp,Darkness - lights lit,Cloudy,Vehicle with vehicle collision,2,2,Going straight,3,Speeding,Slight Injury,1.0986122886681096,1.0986122886681096
14:00:00,Saturday,31-50,Male,Junior high school,Employee,Below 1yr,Commercial Vehicle,Owner,,,Office areas,other,Tangent road with flat terrain,No junction,Asphalt roads,Wet or damp,Darkness - lights lit,Cloudy,Vehicle with vehicle collision,2,2,Going straight,3,Moving Backward,Slight Injury,1.0986122886681096,1.0986122886681096
14:00:00,Saturday,18-30,Female,Elementary school,Employee,Below 1yr,Private Vehicle,Owner,,,Residential areas,other,Tangent road with flat terrain,Crossing,Asphalt roads,Wet or damp,Darkness - lights lit,Cloudy,Vehicle with vehicle collision,2,2,Going straight,3,No Distance,Slight Injury,1.0986122886681096,1.0986122886681096
14:43:00,Friday,Over 51,Male,Junior high school,Employee,Below 1yr,Public Transport,Owner,Unknown,No defect,  Recreational areas,Two-way (divided with broken lines road marking),Tangent road with flat terrain,Crossing,Asphalt roads,Snow,Darkness - lights lit,Other,Vehicle with vehicle collision,2,3,Going straight,na,Other,Slight Injury,1.0986122886681096,1.3862943611198906
16:26:00,Tuesday,Over 51,Male,Junior high school,Employee,5-10yr,Special Vehicle,Governmental,5-10yrs,,Other,other,Tangent road with flat terrain,Crossing,Asphalt roads,Snow,Darkness - lights lit,Other,Vehicle with vehicle collision,2,3,Going straight,na,Priority Violation,Slight Injury,1.0986122886681096,1.3862943611198906
16:26:00,Tuesday,Over 51,Male,Junior high school,Owner,5-10yr,Private Vehicle,Owner,Unknown,No defect, Church areas,Undivided Two way,Tangent road with flat terrain,Crossing,Asphalt roads,Snow,Darkness - lights lit,Other,Collision with roadside objects,2,3,Going straight,3,Unsafe Lane Change,Slight Injury,1.0986122886681096,1.3862943611198906
13:54:00,Saturday,31-50,Male,High school,Owner,5-10yr,Public Transport,Owner,Unknown,No defect,Other,One way,Tangent road with flat terrain,No junction,Asphalt roads,Dry,Daylight,Normal,Collision with roadside objects,1,1,Moving Backward,na,Other,Slight Injury,0.6931471805599453,0.6931471805599453
13:54:00,Saturday,31-50,Male,Junior high school,Employee,5-10yr,Private Vehicle,Owner,Above 10yr,No defect,Other,Two-way (divided with broken lines road marking),Tangent road with flat terrain,No junction,Earth roads,Dry,Daylight,Normal,Collision with roadside objects,2,1,Going straight,3,No Distance,Slight Injury,1.0986122886681096,0.6931471805599453
13:54:00,Saturday,18-30,Male,Junior high school,Employee,2-5yr,Commercial Vehicle,Owner,5-10yrs,, Church areas,Undivided Two way,Tangent road with flat terrain,Y Shape,Asphalt roads,Dry,Daylight,Normal,Vehicle with vehicle collision,2,1,Going straight,3,Driving carelessly,Slight Injury,1.0986122886681096,0.6931471805599453
15:31:00,Monday,31-50,Male,Elementary school,Employee,5-10yr,Commercial Vehicle,Owner,Unknown,,Office areas,Two-way (divided with broken lines road marking),Tangent road with mild grade and flat terrain,Y Shape,,Wet or damp,Darkness - lights lit,Normal,Collision with pedestrians,1,1,Going straight,na,No Distance,Slight Injury,0.6931471805599453,0.6931471805599453
15:31:00,Monday,Over 51,Male,Junior high school,Employee,2-5yr,Public Transport,Owner,Unknown,,Office areas,Double carriageway (median),Tangent road with flat terrain,Y Shape,Asphalt roads,Wet or damp,Darkness - lights lit,Raining,Vehicle with vehicle collision,1,1,Going straight,3,Moving Backward,Slight Injury,0.6931471805599453,0.6931471805599453
12:30:00,Thursday,18-30,Male,Junior high school,Employee,Below 1yr,Commercial Vehicle,Organization,5-10yrs,No defect, Church areas,Two-way (divided with broken lines road marking),Tangent road with flat terrain,Other,Asphalt roads,Wet or damp,Daylight,Windy,Collision with pedestrians,2,1,Going straight,3,No Distance,Slight Injury,1.0986122886681096,0.6931471805599453
18:45:00,Wednesday,18-30,Male,Elementary school,Employee,2-5yr,Commercial Vehicle,Organization,2-5yrs,No defect,Other,Undivided Two way,Tangent road with mountainous terrain and,Crossing,Asphalt roads,Wet or damp,Daylight,Windy,Vehicle with vehicle collision,2,1,Going straight,3,Moving Backward,Slight Injury,1.0986122886681096,0.6931471805599453
18:45:00,Wednesday,31-50,Male,Junior high school,Employee,2-5yr,Public Transport,Owner,Unknown,No defect,Other,Undivided Two way,Tangent road with flat terrain,Crossing,Asphalt roads,Dry,Daylight,Normal,Collision with pedestrians,1,1,Going straight,3,Priority Violation,Slight Injury,0.6931471805599453,0.6931471805599453
19:12:00,Tuesday,31-50,Male,Junior high school,Employee,2-5yr,Public Transport,Owner,Unknown,No defect, Church areas,Undivided Two way,Tangent road with flat terrain,No junction,Asphalt roads,Dry,Darkness - lights lit,Normal,Vehicle with vehicle collision,1,1,Getting off,3,Unsafe Lane Change,Slight Injury,0.6931471805599453,0.6931471805599453
17:25:00,Friday,31-50,Male,Junior high school,Employee,5-10yr,Private Vehicle,Owner,5-10yrs,No defect, Industrial areas,Two-way (divided with broken lines road marking),Tangent road with mild grade and flat terrain,No junction,Asphalt roads,Dry,Daylight,Normal,Vehicle with vehicle collision,2,1,Going straight,3,No Distance,Slight Injury,1.0986122886681096,0.6931471805599453
17:25:00,Friday,31-50,Male,Junior high school,Employee,5-10yr,Commercial Vehicle,Owner,Unknown,No defect,Office areas,Undivided Two way,Tangent road with flat terrain,No junction,Asphalt roads,Dry,Daylight,Normal,Vehicle with vehicle collision,2,1,Going straight,na,Other,Slight Injury,1.0986122886681096,0.6931471805599453
12:48:00,Friday,31-50,Male,Junior high school,Employee,,Private Vehicle,Owner,Unknown,No defect,School areas,Undivided Two way,Tangent road with flat terrain,No junction,Asphalt roads,Dry,Daylight,Normal,Vehicle with vehicle collision,2,1,Turnover,3,No Distance,Slight Injury,1.0986122886681096,0.6931471805599453
7:10:00,Friday,18-30,Male,Junior high school,Owner,5-10yr,Other,Owner,Unknown,No defect,Other,Undivided Two way,Tangent road with flat terrain,Crossing,Asphalt roads,Dry,Daylight,Normal,Vehicle with vehicle collision,2,1,Moving Backward,3,Priority Violation,Slight Injury,1.0986122886681096,0.6931471805599453
7:10:00,Friday,18-30,Male,Junior high school,Employee,2-5yr,Private Vehicle,Owner,Unknown,No defect, Church areas,One way,Tangent road with flat terrain,Y Shape,Gravel roads,Dry,Darkness - lights lit,Normal,Vehicle with vehicle collision,2,1,Going straight,na,Moving Backward,Serious Injury,1.0986122886681096,0.6931471805599453
17:10:00,Friday,18-30,Male,Junior high school,Employee,Below 1yr,Private Vehicle,Owner,Unknown,No defect,Office areas,Undivided Two way,Tangent road with flat terrain,Y Shape,Asphalt roads,Dry,Darkness - lights lit,Normal,Vehicle with vehicle collision,2,1,Moving Backward,3,Priority Violation,Serious Injury,1.0986122886681096,0.6931471805599453
17:10:00,Friday,31-50,Male,Junior high school,Employee,1-2yr,Private Vehicle,Owner,Unknown,No defect,Other,other,Steep grade downward with mountainous terrain,No junction,Asphalt roads,Dry,Daylight,Normal,Vehicle with vehicle collision,1,1,Going straight,3,No Distance,Slight Injury,0.6931471805599453,0.6931471805599453
17:10:00,Friday,18-30,Male,Junior high school,Employee,Below 1yr,Commercial Vehicle,Owner,2-5yrs,No defect,Other,other,Tangent road with flat terrain,Crossing,Asphalt roads,Dry,Darkness - no lighting,Normal,Vehicle with vehicle collision,1,1,,3,Priority Violation,Slight Injury,0.6931471805599453,0.6931471805599453
9:05:00,Friday,31-50,Female,Junior high school,Employee,Above 10yr,Commercial Vehicle,Owner,Unknown,,Other,Two-way (divided with broken lines road marking),Tangent road with flat terrain,No junction,Asphalt roads,Wet or damp,Darkness - lights lit,Normal,Vehicle with vehicle collision,2,2,Going straight,na,Driving carelessly,Slight Injury,1.0986122886681096,1.0986122886681096
9:05:00,Friday,18-30,Female,Junior high school,Employee,Below 1yr,Private Vehicle,Owner,2-5yrs,,Other,One way,Tangent road with flat terrain,Crossing,Asphalt roads,Wet or damp,Darkness - lights lit,Normal,Vehicle with vehicle collision,2,2,,na,Improper Parking/Exit,Slight Injury,1.0986122886681096,1.0986122886681096
16:15:00,Wednesday,31-50,Male,Junior high school,Employee,2-5yr,Private Vehicle,Owner,Above 10yr,No defect, Church areas,Two-way (divided with broken lines road marking),Tangent road with mild grade and flat terrain,Crossing,Asphalt roads,Wet or damp,Darkness - lights lit,Normal,Vehicle with vehicle collision,2,2,Going straight,3,Driving carelessly,Slight Injury,1.0986122886681096,1.0986122886681096
18:00:00,Sunday,Unknown,Female,Junior high school,Employee,1-2yr,Commercial Vehicle,Governmental,2-5yrs,No defect,Residential areas,Two-way (divided with broken lines road marking),Tangent road with flat terrain,No junction,Asphalt roads,Dry,Daylight,Normal,Rollover,3,3,,3,Unsafe Lane Change,Slight Injury,1.3862943611198906,1.3862943611198906
13:55:00,Sunday,Over 51,Male,Elementary school,Employee,5-10yr,Commercial Vehicle,Owner,2-5yrs,No defect,Office areas,Two-way (divided with broken lines road marking),Tangent road with mild grade and flat terrain,No junction,Asphalt roads,Dry,Daylight,Normal,Collision with roadside objects,3,3,Going straight,3,Priority Violation,Slight Injury,1.3862943611198906,1.3862943611198906
13:55:00,Sunday,18-30,Male,Junior high school,Owner,Below 1yr,Commercial Vehicle,Owner,2-5yrs,No defect,Other,Two-way (divided with broken lines road marking),Tangent road with flat terrain,Y Shape,Asphalt roads,Dry,Daylight,Normal,Vehicle with vehicle collision,3,3,Going straight,3,Unsafe Lane Change,Slight Injury,1.3862943611198906,1.3862943611198906
13:55:00,Sunday,18-30,Male,Junior high school,Employee,Below 1yr,Commercial Vehicle,Owner,2-5yrs,No defect,Office areas,Two-way (divided with broken lines road marking),Tangent road with mild grade and flat terrain,Y Shape,Asphalt roads,Dry,Daylight,Normal,Vehicle with vehicle collision,3,3,Going straight,2,Unsafe Lane Change,Slight Injury,1.3862943611198906,1.3862943611198906
13:55:00,Sunday,18-30,Male,Writing & reading,Employee,Below 1yr,Commercial Vehicle,Owner,2-5yrs,No defect,Other,Two-way (divided with broken lines road marking),Tangent road with flat terrain,Y Shape,Asphalt roads,Dry,Daylight,Normal,Vehicle with vehicle collision,3,3,Going straight,na,No Distance,Slight Injury,1.3862943611198906,1.3862943611198906
19:20:00,Sunday,Unknown,Male,Junior high school,Employee,1-2yr,Private Vehicle,Owner,1-2yr,No defect, Church areas,Undivided Two way,Tangent road with flat terrain,Y Shape,Asphalt roads,Dry,Darkness - no lighting,Normal,Collision with pedestrians,2,2,Going straight,3,No Distance,Slight Injury,1.0986122886681096,1.0986122886681096
19:20:00,Sunday,31-50,Male,Elementary school,Owner,5-10yr,Other,Owner,Unknown,No defect,Office areas,Two-way (divided with broken lines road marking),Tangent road with flat terrain,Y Shape,Asphalt roads,Dry,Darkness - no lighting,Normal,Collision with pedestrians,2,2,Other,na,Unsafe Lane Change,Slight Injury,1.0986122886681096,1.0986122886681096
19:20:00,Sunday,31-50,Male,Junior high school,Employee,2-5yr,Private Vehicle,Owner,Unknown,No defect,Other,Two-way (divided with broken lines road marking),Tangent road with flat terrain,Crossing,Asphalt roads,Dry,Darkness - no lighting,Normal,Vehicle with vehicle collision,2,2,Other,3,Unsafe Lane Change,Slight Injury,1.0986122886681096,1.0986122886681096
11:58:00,Saturday,31-50,Male,Junior high school,Owner,Below 1yr,Private Vehicle,Owner,Unknown,No defect,Other,Two-way (divided with broken lines road marking),Tangent road with flat terrain,Y Shape,Asphalt roads,Dry,Daylight,Normal,Vehicle with vehicle collision,1,1,Going straight,na,Priority Violation,Slight Injury,0.6931471805599453,0.6931471805599453
12:53:00,Sunday,31-50,Male,Writing & reading,Employee,5-10yr,Private Vehicle,Owner,Above 10yr,,School areas,Two-way (divided with broken lines road marking),Tangent road with flat terrain,Y Shape,Asphalt roads,Wet or damp,Darkness - lights lit,Normal,Collision with pedestrians,2,1,Going straight,3,Unsafe Lane Change,Slight Injury,1.0986122886681096,0.6931471805599453
12:53:00,Sunday,18-30,Male,Writing & reading,Employee,5-10yr,Private Vehicle,Owner,Unknown,No defect, Church areas,Double carriageway (median),Tangent road with mild grade and flat terrain,Y Shape,Asphalt roads,Wet or damp,Darkness - lights lit,Normal,Collision with pedestrians,2,1,Getting off,na,Priority Violation,Slight Injury,1.0986122886681096,0.6931471805599453
12:53:00,Sunday,18-30,Male,Junior high school,Employee,5-10yr,Private Vehicle,Owner,Unknown,,School areas,Undivided Two way,Tangent road with flat terrain,No junction,Other,Wet or damp,Daylight,Raining,Collision with pedestrians,2,2,Going straight,3,Moving Backward,Slight Injury,1.0986122886681096,1.0986122886681096
20:40:00,Friday,18-30,Male,Junior high school,Employee,2-5yr,Public Transport,Owner,2-5yrs,No defect,Residential areas,Double carriageway (median),Tangent road with flat terrain,No junction,Asphalt roads,Wet or damp,Daylight,Raining,Vehicle with vehicle collision,2,2,Going straight,na,Unsafe Lane Change,Slight Injury,1.0986122886681096,1.0986122886681096