Time,Day_of_week,Age_band_of_driver,Sex_of_driver,Educational_level,Vehicle_driver_relation,Driving_experience,Type_of_vehicle,Owner_of_vehicle,Service_year_of_vehicle,Defect_of_vehicle,Area_accident_occured,Lanes_or_Medians,Road_allignment,Types_of_Junction,Road_surface_type,Road_surface_conditions,Light_conditions,Weather_conditions,Type_of_collision,Number_of_vehicles_involved,Number_of_casualties,Vehicle_movement,Casualty_severity,Cause_of_accident,Accident_severity,Number_of_vehicles_involved_log,Number_of_casualties_log
16:10:00,Monday,31-50,Male,Elementary school,Employee,5-10yr,Private Vehicle,Owner,Above 10yr,No defect,Office areas,Undivided Two way,Tangent road with flat terrain,Y Shape,Asphalt roads,Dry,Darkness - lights lit,Normal,Vehicle with vehicle collision,1,1,Moving Backward,na,Unsafe Lane Change,Slight Injury,0.6931471805599453,0.6931471805599453
16:10:00,Monday,31-50,Male,Junior high school,Employee,Above 10yr,Private Vehicle,Owner,Above 10yr,No defect,Residential areas,Undivided Two way,Tangent road with flat terrain,Crossing,Asphalt roads,Wet or damp,Daylight,Raining,Vehicle with vehicle collision,2,2,Going straight,2,Driving carelessly,Slight Injury,1.0986122886681096,1.0986122886681096
8:55:00,Thursday,18-30,Male,,,,Private Vehicle,Owner,Above 10yr,No defect,Other,One way,Steep grade downward with mountainous terrain,Crossing,Asphalt roads,Wet or damp,Daylight,Raining,Rollover,2,2,Going straight,na,Speeding,Slight Injury,1.0986122886681096,1.0986122886681096
8:55:00,Thursday,Over 51,Male,Junior high school,Employee,2-5yr,Commercial Vehicle,Owner,Above 10yr,No defect,Residential areas,Two-way (divided with broken lines road marking),Tangent road with flat terrain,Other,Gravel roads,Wet or damp,Daylight,Raining,Collision with roadside objects,2,1,Going straight,3,Unsafe Lane Change,Slight Injury,1.0986122886681096,0.6931471805599453
8:55:00,Thursday,Over 51,Male,Junior high school,Employee,5-10yr,Private Vehicle,Owner,5-10yrs,No defect,Residential areas,Undivided Two way,Tangent road with flat terrain,Other,Asphalt roads,Wet or damp,Daylight,Raining,Vehicle with vehicle collision,2,1,Going straight,3,No Distance,Slight Injury,1.0986122886681096,0.6931471805599453
2:04:00,Thursday,31-50,Male,Above high school,Employee,2-5yr,Commercial Vehicle,Owner,,No defect,Residential areas,Two-way (divided with broken lines road marking),Tangent road with flat terrain,Other,Asphalt roads,Wet or damp,Darkness - lights lit,Raining,Vehicle with vehicle collision,1,1,Going straight,na,Other,Serious Injury,0.6931471805599453,0.6931471805599453
7:30:00,Wednesday,Over 51,Male,,,,Public Transport,Owner,1-2yr,No defect,Other,other,Tangent road with flat terrain,Y Shape,Asphalt roads,Wet or damp,Darkness - lights lit,Raining,Collision with roadside objects,2,2,Going straight,na,Unsafe Lane Change,Slight Injury,1.0986122886681096,1.0986122886681096
7:30:00,Wednesday,31-50,Male,,Employee,1-2yr,Private Vehicle,Owner,5-10yrs,No defect,Other,Undivided Two way,Tangent road with flat terrain,Y Shape,Asphalt roads,Wet or damp,Darkness - lights lit,Raining,Vehicle with vehicle collision,2,2,,3,Unsafe Lane Change,Slight Injury,1.0986122886681096,1.0986122886681096
11:44:00,Wednesday,Over 51,Male,Junior high school,Employee,2-5yr,Private Vehicle,Owner,5-10yrs,No defect,Other,One way,Tangent road with flat terrain,Y Shape,Asphalt roads,Wet or damp,Darkness - no lighting,Raining,Vehicle with vehicle collision,1,1,Going straight,3,Speeding,Serious Injury,0.6931471805599453,0.6931471805599453
18:15:00,Thursday,Over 51,Male,Junior high school,Employee,Above 10yr,Private Vehicle,Owner,1-2yr,No defect, Hospital areas,Undivided Two way,Tangent road with flat terrain,Y Shape,Asphalt roads,Wet or damp,Darkness - lights lit,Raining,Vehicle with vehicle collision,1,1,Reversing,3,Other,Slight Injury,0.6931471805599453,0.6931471805599453
18:15:00,Thursday,Under 18,Male,Junior high school,Employee,Below 1yr,Private Vehicle,Owner,2-5yrs,No defect,Residential areas,Undivided Two way,Tangent road with flat terrain,Y Shape,Asphalt roads,Dry,Darkness - lights lit,Normal,Rollover,2,2,Going straight,na,Unsafe Lane Change,Slight Injury,1.0986122886681096,1.0986122886681096
14:29:00,Saturday,31-50,Male,Junior high school,Employee,2-5yr,Commercial Vehicle,Owner,5-10yrs,No defect,Residential areas,One way,Tangent road with flat terrain,Y Shape,Asphalt roads,Dry,Darkness - lights lit,Normal,Rollover,2,2,Going straight,3,Speeding,Slight Injury,1.0986122886681096,1.0986122886681096
14:29:00,Saturday,18-30,Male,Junior high school,Employee,Below 1yr,Commercial Vehicle,Owner,5-10yrs,No defect,Residential areas,Undivided Two way,Tangent road with flat terrain,Y Shape,Asphalt roads,Wet or damp,Darkness - lights lit,Raining,Collision with pedestrians,1,2,Going straight,na,Priority Violation,Serious Injury,0.6931471805599453,1.0986122886681096
2:10:00,Saturday,Unknown,Male,High school,Employee,5-10yr,Private Vehicle,Owner,1-2yr,No defect,Other,Two-way (divided with broken lines road marking),Tangent road with flat terrain,Y Shape,Asphalt roads with some distress,Wet or damp,Darkness - lights lit,Raining,Vehicle with vehicle collision,1,2,Going straight,3,Moving Backward,Serious Injury,0.6931471805599453,1.0986122886681096
17:15:00,Wednesday,Over 51,Male,Above high school,Employee,1-2yr,Private Vehicle,Owner,1-2yr,No defect,Office areas,Two-way (divided with broken lines road marking),Tangent road with flat terrain,No junction,Asphalt roads,Dry,Daylight,Normal,Vehicle with vehicle collision,2,1,Going straight,3,Other,Slight Injury,1.0986122886681096,0.6931471805599453
11:29:00,Saturday,18-30,Male,Junior high school,Employee,Below 1yr,Public Transport,Owner,2-5yrs,No defect,Other,other,Tangent road with flat terrain,No junction,Asphalt roads,Dry,Daylight,Normal,Vehicle with vehicle collision,2,1,Going straight,3,Priority Violation,Slight Injury,1.0986122886681096,0.6931471805599453
11:29:00,Saturday,Over 51,Male,,,,Public Transport,Owner,Unknown,No defect,Office areas,Double carriageway (median),Tangent road with flat terrain,Y Shape,Asphalt roads,Wet or damp,Darkness - lights lit,Normal,Collision with pedestrians,1,1,Other,3,Priority Violation,Slight Injury,0.6931471805599453,0.6931471805599453
11:29:00,Saturday,Over 51,Male,High school,Employee,Below 1yr,Private Vehicle,Owner,Unknown,No defect,Residential areas,Two-way (divided with broken lines road marking),Tangent road with flat terrain,Y Shape,Asphalt roads,Dry,Daylight,Normal,Collision with pedestrians,2,1,Moving Backward,3,Unsafe Lane Change,Slight Injury,1.0986122886681096,0.6931471805599453
11:29:00,Saturday,Over 51,Male,High school,Employee,Below 1yr,Public Transport,Owner,Unknown,No defect,Office areas,Double carriageway (median),Gentle horizontal curve,Y Shape,Asphalt roads,Dry,Daylight,Normal,Vehicle with vehicle collision,2,1,Other,na,Unsafe Lane Change,Slight Injury,1.0986122886681096,0.6931471805599453
10:20:00,Sunday,Over 51,Male,,,,Public Transport,Owner,,No defect,Office areas,Double carriageway (median),Tangent road with flat terrain,Y Shape,Asphalt roads,Dry,Darkness - lights lit,Normal,Vehicle with vehicle collision,1,1,Going straight,3,Unsafe Lane Change,Serious Injury,0.6931471805599453,0.6931471805599453
10:20:00,Sunday,31-50,Male,High school,Employee,2-5yr,Commercial Vehicle,Organization,Unknown,No defect,Other,Double carriageway (median),Tangent road with flat terrain,Y Shape,Asphalt roads,Dry,Daylight,Normal,Vehicle with vehicle collision,2,1,Going straight,na,Unsafe Lane Change,Slight Injury,1.0986122886681096,0.6931471805599453
10:20:00,Sunday,31-50,Male,Junior high school,Employee,Above 10yr,Private Vehicle,Owner,Unknown,No defect,Office areas,Two-way (divided with broken lines road marking),Tangent road with flat terrain,No junction,Asphalt roads,Dry,Daylight,Normal,Collision with roadside objects,2,1,Going straight,3,Unsafe Lane Change,Slight Injury,1.0986122886681096,0.6931471805599453
18:05:00,Tuesday,31-50,Male,Junior high school,Employee,Above 10yr,Commercial Vehicle,Owner,Unknown,No defect,Office areas,Two-way (divided with broken lines road marking),Tangent road with flat terrain,No junction,Asphalt roads,Dry,Daylight,Normal,Vehicle with vehicle collision,2,1,Other,3,Moving Backward,Slight Injury,1.0986122886681096,0.6931471805599453
18:05:00,Tuesday,18-30,Male,Junior high school,Employee,5-10yr,Private Vehicle,Governmental,Unknown,,Office areas,One way,Tangent road with flat terrain,Y Shape,Asphalt roads,Dry,Daylight,Normal,Collision with roadside objects,2,1,Going straight,2,Speeding,Slight Injury,1.0986122886681096,0.6931471805599453
13:32:00,Wednesday,Over 51,Male,Junior high school,Employee,1-2yr,Private Vehicle,Owner,Unknown,,Other,Undivided Two way,Tangent road with flat terrain,Y Shape,Asphalt roads,Dry,Daylight,Normal,Vehicle with vehicle collision,3,3,,3,Moving Backward,Slight Injury,1.3862943611198906,1.3862943611198906
13:32:00,Wednesday,Over 51,Male,Unknown,Employee,Below 1yr,Private Vehicle,Owner,Unknown,,Residential areas,Two-way (divided with broken lines road marking),Tangent road with flat terrain,No junction,Asphalt roads,Dry,Daylight,Normal,Vehicle with vehicle collision,3,3,Going straight,na,No Distance,Slight Injury,1.3862943611198906,1.3862943611198906
13:32:00,Wednesday,31-50,Male,Junior high school,Employee,Below 1yr,Private Vehicle,Owner,2-5yrs,No defect,Residential areas,Two-way (divided with broken lines road marking),Gentle horizontal curve,No junction,Asphalt roads,Dry,Daylight,Normal,Collision with roadside objects,3,3,Going straight,3,Other,Slight Injury,1.3862943611198906,1.3862943611198906
15:20:00,Tuesday,18-30,Male,High school,Employee,2-5yr,Private Vehicle,Owner,5-10yrs,, Church areas,Two-way (divided with broken lines road marking),Tangent road with flat terrain,No junction,Asphalt roads,Dry,Daylight,Normal,Vehicle with vehicle collision,3,3,Going straight,3,Priority Violation,Slight Injury,1.3862943611198906,1.3862943611198906
9:51:00,Thursday,Over 51,Male,Junior high school,Owner,1-2yr,Private Vehicle,Owner,5-10yrs,,Other,Two-way (divided with broken lines road marking),Tangent road with flat terrain,Y Shape,Asphalt roads,Dry,Daylight,Normal,Vehicle with vehicle collision,3,1,Going straight,3,Unsafe Lane Change,Serious Injury,1.3862943611198906,0.6931471805599453
11:50:00,Monday,Unknown,Male,Junior high school,Employee,5-10yr,Private Vehicle,Owner,Unknown,,Residential areas,Two-way (divided with broken lines road marking),Tangent road with flat terrain,Y Shape,Asphalt roads,Dry,Daylight,Normal,Collision with roadside objects,3,1,Moving Backward,na,Other,Serious Injury,1.3862943611198906,0.6931471805599453
11:50:00,Monday,18-30,Male,Elementary school,Employee,2-5yr,Private Vehicle,Owner,2-5yrs,,Other,Undivided Two way,Tangent road with flat terrain,Y Shape,Asphalt roads,Dry,Daylight,Normal,Collision with roadside objects,3,1,Moving Backward,3,No Distance,Serious Injury,1.3862943611198906,0.6931471805599453
11:50:00,Monday,18-30,Male,Elementary school,Owner,5-10yr,Other,Owner,2-5yrs,,Residential areas,Undivided Two way,Tangent road with flat terrain,Crossing,Asphalt roads,Wet or damp,Daylight,Windy,Vehicle with vehicle collision,3,1,Going straight,3,Driving carelessly,Slight Injury,1.3862943611198906,0.6931471805599453
10:35:00,Wednesday,Under 18,Male,Junior high school,Employee,Above 10yr,Other,Owner,2-5yrs,,Residential areas,Two-way (divided with broken lines road marking),Tangent road with flat terrain,Crossing,Asphalt roads,Wet or damp,Daylight,Windy,Vehicle with vehicle collision,3,1,Going straight,3,No Distance,Slight Injury,1.3862943611198906,0.6931471805599453
10:35:00,Wednesday,Under 18,Male,Junior high school,Employee,5-10yr,Private Vehicle,Owner,5-10yrs,No defect,Other,Two-way (divided with broken lines road marking),Tangent road with flat terrain,No junction,Asphalt roads,Wet or damp,Daylight,Windy,Vehicle with vehicle collision,3,1,Turnover,na,Moving Backward,Slight Injury,1.3862943611198906,0.6931471805599453
10:35:00,Wednesday,31-50,Male,High school,Employee,5-10yr,Commercial Vehicle,,,,Other,Two-way (divided with broken lines road marking),Tangent road with flat terrain,No junction,Asphalt roads,Dry,Daylight,Normal,Vehicle with vehicle collision,2,1,Going straight,3,No Distance,Slight Injury,1.0986122886681096,0.6931471805599453
18:30:00,Thursday,18-30,Male,Junior high school,Employee,5-10yr,Commercial Vehicle,Owner,Unknown,No defect,Other,Undivided Two way,Tangent road with flat terrain,No junction,Asphalt roads,Dry,Daylight,Normal,Vehicle with vehicle collision,2,1,Going straight,na,Moving Backward,Slight Injury,1.0986122886681096,0.6931471805599453
18:30:00,Thursday,31-50,Male,Junior high school,Employee,Above 10yr,Commercial Vehicle,Owner,Unknown,No defect,Other,Double carriageway (median),Tangent road with flat terrain,No junction,Asphalt roads,Wet or damp,Daylight,Normal,Vehicle with vehicle collision,3,4,Going straight,3,Priority Violation,Slight Injury,1.3862943611198906,1.6094379124341003
18:30:00,Friday,31-50,Male,Junior high school,,1-2yr,Private Vehicle,Owner,Unknown,,Residential areas,Two-way (divided with broken lines road marking),Tangent road with flat terrain,Y Shape,Asphalt roads,Wet or damp,Daylight,Normal,Vehicle with vehicle collision,3,4,Going straight,na,Unsafe Lane Change,Slight Injury,1.3862943611198906,1.6094379124341003
18:30:00,Friday,18-30,Male,Junior high school,Employee,2-5yr,Private Vehicle,Owner,2-5yrs,,  Recreational areas,Undivided Two way,Tangent road with flat terrain,Y Shape,Asphalt roads,Wet or damp,Daylight,Normal,Vehicle with vehicle collision,3,4,Going straight,3,No Distance,Slight Injury,1.3862943611198906,1.6094379124341003
11:55:00,Friday,31-50,Male,Junior high school,Employee,1-2yr,Public Transport,Owner,,,Other,other,Tangent road with flat terrain,No junction,Asphalt roads,Wet or damp,Daylight,Normal,Vehicle with vehicle collision,3,4,Going straight,na,Other,Slight Injury,1.3862943611198906,1.6094379124341003
11:55:00,Friday,31-50,Male,,,,Public Transport,Owner,,,Office areas,Undivided Two way,Tangent road with flat terrain,No junction,Asphalt roads,Wet or damp,Daylight,Normal,Vehicle with vehicle collision,1,1,Going straight,3,No Distance,Serious Injury,0.6931471805599453,0.6931471805599453
7:30:00,Wednesday,Over 51,Male,Elementary school,Employee,5-10yr,Commercial Vehicle,,,,Other,Undivided Two way,Tangent road with flat terrain,No junction,Asphalt roads,Dry,Darkness - no lighting,Cloudy,Vehicle with vehicle collision,2,1,Going straight,3,Priority Violation,Slight Injury,1.0986122886681096,0.6931471805599453
7:30:00,Wednesday,31-50,Male,Junior high school,Employee,5-10yr,Commercial Vehicle,Owner,Unknown,,Office areas,Undivided Two way,Tangent road with flat terrain,No junction,Asphalt roads,Dry,Darkness - no lighting,Cloudy,Vehicle with vehicle collision,2,1,,na,Moving Backward,Slight Injury,1.0986122886681096,0.6931471805599453
0:09:00,Monday,18-30,Female,Junior high school,Employee,Above 10yr,Public Transport,Owner,Unknown,,Office areas,One way,Tangent road with flat terrain,No junction,Asphalt roads,Wet or damp,Darkness - lights lit,Normal,Vehicle with vehicle collision,2,2,Other,na,Priority Violation,Slight Injury,1.0986122886681096,1.0986122886681096
0:09:00,Monday,31-50,Male,Junior high school,Employee,2-5yr,Other,Owner,Unknown,,Office areas,Undivided Two way,Tangent road with flat terrain,No junction,Asphalt roads,Wet or damp,Darkness - lights lit,Normal,Vehicle with vehicle collision,2,2,Getting off,3,No Distance,Slight Injury,1.0986122886681096,1.0986122886681096
19:47:00,Saturday,18-30,Male,Junior high school,Owner,Above 10yr,Commercial Vehicle,Owner,Unknown,No defect,Other,Undivided Two way,Tangent road with flat terrain,No junction,Asphalt roads,Wet or damp,Daylight,Normal,Vehicle with vehicle collision,2,1,Going straight,3,Priority Violation,Slight Injury,1.0986122886681096,0.6931471805599453
19:47:00,Saturday,31-50,Male,Junior high school,Employee,2-5yr,Private Vehicle,Governmental,Unknown,,Other,Double carriageway (median),Tangent road with flat terrain,No junction,Asphalt roads,Wet or damp,Daylight,Normal,Vehicle with vehicle collision,2,1,Going straight,na,Driving carelessly,Slight Injury,1.0986122886681096,0.6931471805599453
19:00:00,Wednesday,31-50,Male,Elementary school,Other,5-10yr,Other,Owner,Unknown,No defect,Office areas,Two-way (divided with solid lines road marking),Tangent road with flat terrain,No junction,Asphalt roads,Dry,Daylight,Normal,Vehicle with vehicle collision,3,3,Going straight,3,Improper Parking/Exit,Serious Injury,1.3862943611198906,1.3862943611198906
19:00:00,Wednesday,Under 18,Male,Elementary school,Employee,5-10yr,Private Vehicle,Owner,Unknown,,Residential areas,other,Tangent road with flat terrain,No junction,Asphalt roads,Dry,Daylight,Normal,Vehicle with vehicle collision,3,3,Other,3,Driving carelessly,Serious Injury,1.3862943611198906,1.3862943611198906
12:00:00,Thursday,Unknown,Male,Junior high school,,5-10yr,Private Vehicle,Governmental,2-5yrs,,  Recreational areas,Undivided Two way,Tangent road with flat terrain,No junction,Asphalt roads,Dry,Daylight,Normal,Collision with roadside objects,3,3,Going straight,na,Unsafe Lane Change,Serious Injury,1.3862943611198906,1.3862943611198906
12:00:00,Thursday,18-30,Male,Junior high school,Employee,5-10yr,Private Vehicle,Owner,1-2yr,No defect,Other,other,Tangent road with flat terrain,No junction,Asphalt roads,Wet or damp,Darkness - lights lit,Normal,Vehicle with vehicle collision,1,1,Moving Backward,3,Priority Violation,Serious Injury,0.6931471805599453,0.6931471805599453
22:42:00,Friday,18-30,Male,Elementary school,Employee,Above 10yr,Commercial Vehicle,Owner,Above 10yr,No defect,Residential areas,other,Tangent road with flat terrain,No junction,Asphalt roads,Dry,Darkness - lights lit,Normal,Collision with pedestrians,1,1,Other,na,Unsafe Lane Change,Slight Injury,0.6931471805599453,0.6931471805599453
7:55:00,Monday,18-30,Male,Junior high school,,Below 1yr,Private Vehicle,Owner,Unknown,No defect,Other,other,Tangent road with flat terrain,Y Shape,Asphalt roads,Dry,Daylight,Normal,Vehicle with vehicle collision,2,1,Going straight,2,Unsafe Lane Change,Slight Injury,1.0986122886681096,0.6931471805599453
7:25:00,Friday,31-50,Male,Junior high school,Employee,5-10yr,Public Transport,Owner,Unknown,,Other,other,Tangent road with flat terrain,Y Shape,Asphalt roads,Dry,Daylight,Normal,Collision with roadside objects,2,1,Going straight,3,No Distance,Slight Injury,1.0986122886681096,0.6931471805599453
7:25:00,Friday,31-50,Male,Elementary school,Employee,1-2yr,Commercial Vehicle,Owner,5-10yrs,,Other,One way,Tangent road with flat terrain,Y Shape,Asphalt roads,Dry,Darkness - lights lit,Normal,Vehicle with vehicle collision,2,1,Going straight,na,No Distance,Serious Injury,1.0986122886681096,0.6931471805599453
23:25:00,Saturday,Unknown,Male,,,,Public Transport,Owner,Unknown,No defect,Other,Two-way (divided with broken lines road marking),Tangent road with flat terrain,Y Shape,Asphalt roads,Dry,Darkness - lights lit,Normal,Vehicle with vehicle collision,2,1,,3,Unsafe Lane Change,Serious Injury,1.0986122886681096,0.6931471805599453
23:25:00,Saturday,18-30,Male,Junior high school,Employee,Above 10yr,Commercial Vehicle,Owner,2-5yrs,No defect,Other,other,Tangent road with flat terrain,Y Shape,Asphalt roads,Wet or damp,Darkness - lights lit,Other,Vehicle with vehicle collision,2,3,Going straight,na,Unsafe Lane Change,Slight Injury,1.0986122886681096,1.3862943611198906
15:10:00,Wednesday,Over 51,Male,High school,Owner,2-5yr,Commercial Vehicle,Owner,Unknown,No defect,School areas,Undivided Two way,Tangent road with flat terrain,No junction,Asphalt roads,Wet or damp,Darkness - lights lit,Other,Vehicle with vehicle collision,2,3,Going straight,2,Priority Violation,Slight Injury,1.0986122886681096,1.3862943611198906
15:10:00,Wednesday,31-50,Male,Junior high school,Employee,1-2yr,Commercial Vehicle,Owner,,No defect,Office areas,Two-way (divided with broken lines road marking),Tangent road with flat terrain,No junction,Asphalt roads,Wet or damp,Darkness - lights lit,Other,Vehicle with vehicle collision,2,3,Going straight,3,Unsafe Lane Change,Slight Injury,1.0986122886681096,1.3862943611198906
17:00:00,Wednesday,Unknown,Male,Junior high school,Employee,1-2yr,Public Transport,Owner,Unknown,No defect,Office areas,Two-way (divided with broken lines road marking),Tangent road with flat terrain,No junction,Asphalt roads,Wet or damp,Darkness - lights lit,Other,Rollover,2,3,Going straight,3,Priority Violation,Slight Injury,1.0986122886681096,1.3862943611198906
17:00:00,Wednesday,31-50,Male,Above high school,Owner,2-5yr,Public Transport,Owner,5-10yrs,No defect,Office areas,Two-way (divided with broken lines road marking),Tangent road with flat terrain,No junction,Asphalt roads,Dry,Daylight,Normal,Collision with roadside objects,2,2,Going straight,2,Moving Backward,Serious Injury,1.0986122886681096,1.0986122886681096
16:10:00,Tuesday,18-30,Male,,,,Private Vehicle,Owner,Unknown,No defect,School areas,Two-way (divided with broken lines road marking),Tangent road with flat terrain,Crossing,Asphalt roads,Dry,Daylight,Normal,Vehicle with vehicle collision,2,2,Going straight,3,Unsafe Lane Change,Serious Injury,1.0986122886681096,1.0986122886681096
13:29:00,Saturday,31-50,Male,Elementary school,Owner,2-5yr,Commercial Vehicle,Governmental,,No defect,School areas,Undivided Two way,Tangent road with flat terrain,Crossing,Asphalt roads,Wet or damp,Daylight,Raining,Vehicle with vehicle collision,1,1,Going straight,2,No Distance,Slight Injury,0.6931471805599453,0.6931471805599453
13:29:00,Saturday,18-30,Male,Junior high school,Employee,1-2yr,Private Vehicle,Owner,,No defect,Office areas,Two-way (divided with broken lines road marking),Tangent road with flat terrain,Y Shape,Asphalt roads,Wet or damp,Daylight,Normal,Collision with roadside objects,1,1,Going straight,na,No Distance,Serious Injury,0.6931471805599453,0.6931471805599453
12:40:00,Friday,Over 51,Male,,Owner,5-10yr,Commercial Vehicle,Owner,,No defect,Office areas,Two-way (divided with broken lines road marking),Tangent road with flat terrain,Y Shape,Asphalt roads,Wet or damp,Darkness - lights unlit,Normal,Vehicle with vehicle collision,2,2,Going straight,2,No Distance,Slight Injury,1.0986122886681096,1.0986122886681096
12:40:00,Friday,18-30,Male,Junior high school,Employee,Below 1yr,Private Vehicle,Governmental,Above 10yr,No defect,School areas,Two-way (divided with broken lines road marking),Tangent road with flat terrain,Y Shape,Asphalt roads,Wet or damp,Darkness - lights unlit,Normal,Vehicle with vehicle collision,2,2,Going straight,na,Unsafe Lane Change,Slight Injury,1.0986122886681096,1.0986122886681096
15:30:00,Friday,Over 51,Male,Junior high school,Employee,2-5yr,Public Transport,Owner,1-2yr,No defect,,Two-way (divided with broken lines road marking),Tangent road with flat terrain,No junction,Asphalt roads,Wet or damp,Daylight,Other,Vehicle with vehicle collision,2,2,Going straight,3,Priority Violation,Slight Injury,1.0986122886681096,1.0986122886681096
15:30:00,Friday,31-50,Male,Junior high school,Employee,5-10yr,Public Transport,Owner,Above 10yr,No defect,Other,Two-way (divided with broken lines road marking),Tangent road with flat terrain,No junction,Asphalt roads,Wet or damp,Daylight,Other,Vehicle with vehicle collision,2,2,,3,Speeding,Slight Injury,1.0986122886681096,1.0986122886681096
15:30:00,Friday,31-50,Male,Junior high school,Employee,Above 10yr,Private Vehicle,Owner,Below 1yr,No defect,Other,Undivided Two way,Tangent road with flat terrain,No junction,Asphalt roads,Wet or damp,Daylight,Other,Vehicle with vehicle collision,2,2,Going straight,na,Speeding,Slight Injury,1.0986122886681096,1.0986122886681096
15:30:00,Friday,31-50,Male,Elementary school,Employee,2-5yr,Private Vehicle,Owner,Above 10yr,No defect,Other,Two-way (divided with broken lines road marking),Tangent road with flat terrain,Y Shape,Asphalt roads,Wet or damp,Darkness - lights lit,Other,Vehicle with vehicle collision,1,1,Going straight,3,Other,Slight Injury,0.6931471805599453,0.6931471805599453
15:30:00,Friday,31-50,Male,Elementary school,Owner,Above 10yr,Commercial Vehicle,Owner,Unknown,No defect,Residential areas,Undivided Two way,Tangent road with flat terrain,Y Shape,Asphalt roads,Wet or damp,Darkness - lights lit,Windy,Collision with pedestrians,2,1,Going straight,na,Unsafe Lane Change,Slight Injury,1.0986122886681096,0.6931471805599453
3:32:00,Saturday,Under 18,Male,Junior high school,Employee,1-2yr,Private Vehicle,Governmental,1-2yr,No defect,Other,Undivided Two way,Tangent road with flat terrain,Y Shape,Asphalt roads,Wet or damp,Darkness - lights lit,Windy,Vehicle with vehicle collision,2,1,Going straight,3,Priority Violation,Slight Injury,1.0986122886681096,0.6931471805599453
4:00:00,Friday,18-30,Male,Junior high school,Employee,5-10yr,Commercial Vehicle,Owner,1-2yr,No defect,Other,Undivided Two way,Tangent road with flat terrain,Y Shape,Asphalt roads,Dry,Daylight,Normal,Collision with roadside objects,1,1,Turnover,na,Unsafe Lane Change,Fatal injury,0.6931471805599453,0.6931471805599453
4:00:00,Friday,18-30,Male,Junior high school,Employee,2-5yr,Public Transport,Owner,,No defect, Industrial areas,Undivided Two way,Tangent road with flat terrain,Y Shape,Asphalt roads,Wet or damp,Darkness - lights lit,Raining,Vehicle with vehicle collision,2,1,Moving Backward,na,No Distance,Serious Injury,1.0986122886681096,0.6931471805599453
4:00:00,Friday,18-30,Male,Junior high school,Employee,2-5yr,Commercial Vehicle,Owner,,No defect,  Recreational areas,Undivided Two way,Tangent road with flat terrain,No junction,Asphalt roads,Wet or damp,Darkness - lights lit,Raining,Vehicle with vehicle collision,2,1,Going straight,3,Moving Backward,Serious Injury,1.0986122886681096,0.6931471805599453
4:00:00,Friday,18-30,Male,Junior high school,Employee,2-5yr,Other,Owner,Above 10yr,No defect, Church areas,Two-way (divided with broken lines road marking),Tangent road with flat terrain,No junction,Asphalt roads,Dry,Daylight,Unknown,Vehicle with vehicle collision,2,1,Going straight,3,Unsafe Lane Change,Slight Injury,1.0986122886681096,0.6931471805599453
15:50:00,Saturday,18-30,Male,Junior high school,Employee,2-5yr,Private Vehicle,Owner,,,Office areas,Two-way (divided with broken lines road marking),Tangent road with flat terrain,Crossing,Asphalt roads,Dry,Daylight,Unknown,Vehicle with vehicle collision,2,1,Moving Backward,na,Other,Slight Injury,1.0986122886681096,0.6931471805599453
8:50:00,Friday,Under 18,Male,Junior high school,Employee,Above 10yr,Private Vehicle,Owner,,,Other,Two-way (divided with broken lines road marking),Tangent road with flat terrain,Crossing,Asphalt roads,Dry,Darkness - lights lit,Normal,Vehicle with vehicle collision,1,1,Going straight,2,No Distance,Slight Injury,0.6931471805599453,0.6931471805599453
0:25:00,Sunday,18-30,Male,Junior high school,Employee,Above 10yr,Public Transport,Owner,,,Office areas,Undivided Two way,Tangent road with flat terrain,Y Shape,Asphalt roads with some distress,Wet or damp,Darkness - lights lit,Unknown,Vehicle with vehicle collision,1,1,Moving Backward,na,Moving Backward,Serious Injury,0.6931471805599453,0.6931471805599453
0:25:00,Sunday,31-50,Male,Elementary school,Employee,5-10yr,Other,Owner,,,Office areas,Two-way (divided with broken lines road marking),Tangent road with flat terrain,Y Shape,Asphalt roads,Dry,Daylight,Normal,Vehicle with vehicle collision,2,3,Going straight,3,No Distance,Slight Injury,1.0986122886681096,1.3862943611198906
0:25:00,Sunday,31-50,Female,,Employee,,Commercial Vehicle,Owner,,,Other,Two-way (divided with broken lines road marking),Tangent road with flat terrain,No junction,Asphalt roads,Dry,Daylight,Normal,Vehicle with vehicle collision,2,3,Going straight,2,Unsafe Lane Change,Slight Injury,1.0986122886681096,1.3862943611198906
0:10:00,Sunday,18-30,Male,,Employee,2-5yr,Private Vehicle,Owner,Above 10yr,,Residential areas,Undivided Two way,Tangent road with flat terrain,No junction,Asphalt roads,Dry,Daylight,Normal,Vehicle with vehicle collision,2,3,Going straight,na,Unsafe Lane Change,Slight Injury,1.0986122886681096,1.3862943611198906
0:10:00,Sunday,18-30,Male,Elementary school,Employee,5-10yr,Public Transport,Owner,Above 10yr,,Office areas,other,Tangent road with mountainous terrain and,No junction,Asphalt roads,Dry,Daylight,Normal,Collision with roadside objects,2,3,Other,3,Priority Violation,Slight Injury,1.0986122886681096,1.3862943611198906
15:20:00,Saturday,Unknown,Male,Junior high school,Employee,5-10yr,Private Vehicle,Owner,Above 10yr,No defect,Residential areas,other,Tangent road with flat terrain,No junction,Gravel roads,Dry,Daylight,Normal,Vehicle with vehicle collision,2,2,Other,3,Unsafe Lane Change,Slight Injury,1.0986122886681096,1.0986122886681096